faq_question,count
Cuál es el precio de la máquina,378
Dónde están ubicados,117
Pueden enviar la ficha técnica,108
Tienen un video del funcionamiento de la máquina de empanadas,86
Qué modelos tienen,62
Cómo puedo cotizar una máquina,52
Cuál es la capacidad de producción,43
Tienen moldes o kits disponibles,42
Cómo es el envío,39
Ustedes venden máquinas de empanadas de segunda mano,26
Cuáles son las dimensiones de la máquina,22
Cuáles son las formas de pago,18
Tienen máquinas de empanadas que funcionen para plátano,15
Cuáles son las funciones de la máquina de empanadas,10
Cómo funciona la máquina de empanadas,8
La máquina tiene garantía,7
Cómo agendar una demostración,7
Cuál es el servicio técnico autorizado para la máquina de empanadas,7
Qué información tienen sobre la máquina de empanadas,7
Tienen laminadora de trigo,6
Tienen ofertas disponibles,5
Dónde están ubicados,5
Tienen máquinas de empanadas de varios tamaños,5
Qué voltaje requiere la máquina,4
Cuál es la mejor máquina de empanadas que me recomiendas,4
Realizan envíos a El Salvador,4
Cuánto se demora en llegar,3
Ustedes venden máquinas para moler y mezclar yuca,3
La máquina viene ensamblada,3
Qué equipos tienen para un negocio de empanadas automatizado,3
Qué máquina es adecuada para empanadas cocteleras y grandes,3
La máquina de empanadas funciona con compresor,3
De qué país son las máquinas de empanadas,3
Incluyen instalación o capacitación,2
Tienen una máquina más mecanizada,2
Cuál es el pedido mínimo,2
Tienen máquinas para amasar maíz,2
Se pueden añadir accesorios para hacer arepas,2
Qué máquina necesito para producir 1000 empanadas diarias,2
Venden la máquina o es solo franquicia,2
Cuál es la máquina de empanadas más sencilla,2
A qué horas puedo llamarlos,2
Qué máquina es adecuada para hacer empanadas y arepas,2
Cómo son las máquinas para fabricar empanadas,2
Con cuántas máquinas de empanadas debo iniciar este emprendimiento,2
Cómo funciona la máquina de empanadas,2
Esta máquina solo sirve para masa de maíz,2
Venden máquinas en Colombia,2
Hay máquinas de empanadas que hagan dos tipos de productos,2
Qué marcas de máquinas de empanadas recomiendas,2
Puedo visitar la tienda para ver las máquinas de empanadas,2
Tienen máquinas para desmechar carne,2
Qué información me puede dar sobre la desmechadora de carne,2
Qué información tienes sobre la máquina CM08,1
Se puede usar masa de trigo para empanadas,1
Tienen puntos de venta de empanadas en su país,1
La máquina viene con la mesa,1
Cuáles son los mantenimientos necesarios para las máquinas de empanadas,1
Qué presentaciones tienen disponibles,1
Tienen todos los documentos para la facturación de la máquina,1
Por qué es más costosa la máquina de empanadas para Estados Unidos,1
Tienen máquinas que pueden hacer aborrajados,1
Qué seguridad tengo de recibir mi máquina y no perder mi dinero,1
Fabrican otro tipo de máquinas,1
Se puede hacer un curso de introducción virtual o tiene que ser presencial,1
Cuál es la mejor harina para usar en la maquinaria de empanadas,1
Las máquinas de empanadas de trigo vienen con nombre,1
Cómo puedo acceder a la presentación del producto,1
Cómo contacto con el equipo de ventas,1
Cuál es el horario de atención,1
Fabrican empanadas o solo venden equipos,1
Cuánto tiempo llevan fabricando equipos,1
Cuántos operarios se requieren para operar la CM05S,1
Cuáles son las dimensiones de la empanada,1
Manejan máquinas para moler masa,1
Hay máquinas de empanadas que se puedan manejar con una sola persona,1
Cómo hacer 200 o 300 empanadas,1
Qué información necesitas sobre la máquina,1
Una máquina puede producir maíz y trigo,1
El disco se gira manualmente,1
Elaboran máquinas,1
La máquina funciona con cualquier tipo de masa,1
Cómo se pueden ver los productos,1
Qué hacer si la máquina de empanadas falla,1
La máquina de empanadas tiene rodachines para moverla fácilmente,1
Tienes información sobre máquinas que empaquen maní,1
Tienen una página web,1
Puedo visitar la fábrica para conocer las máquinas,1
Tienen un accesorio nuevo para la máquina,1
La máquina está a la venta,1
Cuál es el mínimo requerido para la máquina,1
Cuál es la diferencia entre esta máquina y la otra,1
La máquina de empanadas hace mucho ruido,1
Qué productos o máquinas ofrecen,1
Se pueden fabricar pasteles de pollo con esta máquina,1
Han enviado ya a Panamá,1
Qué tipo de máquina de empanadas debo elegir, automática o semiautomática,1
Es necesario tener la masa de harina laminada o solo se puede usar una bola de masa,1
Por qué son tan caras las máquinas de empanadas,1
El compresor es especial o cualquier compresor sirve,1
Cuál es la máquina más pequeña que tienen,1
Tienen distribución a otras ciudades,1
Cuál es la máquina de empanadas más comprada,1
Cuál es la máquina base,1
Cómo es la máquina de empanadas,1
La máquina de empanadas también sirve para hacer pastel de yuca,1
Qué es la máquina CM06B,1
Cómo puedo comunicarme con un asesor,1
Se puede hacer un pedido para hoy,1
Hay una máquina que sirva para todos los tipos de empanadas,1
Venden amasadoras,1
Qué novedades tiene la máquina de empanadas,1
Incluye pre fritura,1
Qué incluye la compra de la máquina de empanadas,1