profile,shortcode,visible_views,url,source
maquiempanadas,DXnhqlXjUrh,"1,287",https://www.instagram.com/maquiempanadas/reel/DXnhqlXjUrh/,instagram_reels_grid_chrome
maquiempanadas,DXKtblGAcrK,108K,https://www.instagram.com/maquiempanadas/reel/DXKtblGAcrK/,instagram_reels_grid_chrome
maquiempanadas,DW3kddNiN35,"2,933",https://www.instagram.com/maquiempanadas/reel/DW3kddNiN35/,instagram_reels_grid_chrome
maquiempanadas,DWkCshpiGtQ,"3,951",https://www.instagram.com/maquiempanadas/reel/DWkCshpiGtQ/,instagram_reels_grid_chrome
maquiempanadas,DWhd2SUCcXZ,"1,648",https://www.instagram.com/maquiempanadas/reel/DWhd2SUCcXZ/,instagram_reels_grid_chrome
maquiempanadas,DWe5EotgYsS,"2,403",https://www.instagram.com/maquiempanadas/reel/DWe5EotgYsS/,instagram_reels_grid_chrome
maquiempanadas,DWeCUCVCpHK,76.8K,https://www.instagram.com/maquiempanadas/reel/DWeCUCVCpHK/,instagram_reels_grid_chrome
maquiempanadas,DVbWdHgjSjf,"2,683",https://www.instagram.com/maquiempanadas/reel/DVbWdHgjSjf/,instagram_reels_grid_chrome
maquiempanadas,DVZ-9KYlOgx,134K,https://www.instagram.com/maquiempanadas/reel/DVZ-9KYlOgx/,instagram_reels_grid_chrome
maquiempanadas,DU8jvPeDUA8,"2,808",https://www.instagram.com/maquiempanadas/reel/DU8jvPeDUA8/,instagram_reels_grid_chrome
maquiempanadas,DUrb7H_Ae_k,63.5K,https://www.instagram.com/maquiempanadas/reel/DUrb7H_Ae_k/,instagram_reels_grid_chrome
maquiempanadas,DUl7WhOiV5l,16.9K,https://www.instagram.com/maquiempanadas/reel/DUl7WhOiV5l/,instagram_reels_grid_chrome
maquiempanadas,DUjo66_lRa1,33.4K,https://www.instagram.com/maquiempanadas/reel/DUjo66_lRa1/,instagram_reels_grid_chrome
maquiempanadas,DUeQkiYAGLk,"8,424",https://www.instagram.com/maquiempanadas/reel/DUeQkiYAGLk/,instagram_reels_grid_chrome
maquiempanadas,DUO8ZAYDbL4,29.7K,https://www.instagram.com/maquiempanadas/reel/DUO8ZAYDbL4/,instagram_reels_grid_chrome
maquiempanadas,DT-5WhHjuNh,"2,619",https://www.instagram.com/maquiempanadas/reel/DT-5WhHjuNh/,instagram_reels_grid_chrome
maquiempanadas,DT-LA2uE1rl,"5,017",https://www.instagram.com/maquiempanadas/reel/DT-LA2uE1rl/,instagram_reels_grid_chrome
maquiempanadas,DTtMUJfjtTG,68K,https://www.instagram.com/maquiempanadas/reel/DTtMUJfjtTG/,instagram_reels_grid_chrome
maquiempanadas,DTjHXZ-kXGe,13.2K,https://www.instagram.com/maquiempanadas/reel/DTjHXZ-kXGe/,instagram_reels_grid_chrome
maquiempanadas,DTYEe18EmJF,"5,857",https://www.instagram.com/maquiempanadas/reel/DTYEe18EmJF/,instagram_reels_grid_chrome
maquiempanadas,DTQukA0EYUt,"2,643",https://www.instagram.com/maquiempanadas/reel/DTQukA0EYUt/,instagram_reels_grid_chrome
maquiempanadas,DTNu0gBDQSO,"4,899",https://www.instagram.com/maquiempanadas/reel/DTNu0gBDQSO/,instagram_reels_grid_chrome
maquiempanadas,DTF9GKtjRJd,"5,199",https://www.instagram.com/maquiempanadas/reel/DTF9GKtjRJd/,instagram_reels_grid_chrome
maquiempanadas,DS-Ov0WFLf1,"4,464",https://www.instagram.com/maquiempanadas/reel/DS-Ov0WFLf1/,instagram_reels_grid_chrome
maquiempanadas,DS27tzIj2HV,"2,828",https://www.instagram.com/maquiempanadas/reel/DS27tzIj2HV/,instagram_reels_grid_chrome
maquiempanadas,DSvNUXijG-7,"9,799",https://www.instagram.com/maquiempanadas/reel/DSvNUXijG-7/,instagram_reels_grid_chrome
maquiempanadas,DSne7LoDRLU,"3,259",https://www.instagram.com/maquiempanadas/reel/DSne7LoDRLU/,instagram_reels_grid_chrome
maquiempanadas,DSiAnfoDF5W,"7,279",https://www.instagram.com/maquiempanadas/reel/DSiAnfoDF5W/,instagram_reels_grid_chrome
maquiempanadas,DSfwhiFjO-i,"3,918",https://www.instagram.com/maquiempanadas/reel/DSfwhiFjO-i/,instagram_reels_grid_chrome
maquiempanadas,DSYCLAygVh5,10.5K,https://www.instagram.com/maquiempanadas/reel/DSYCLAygVh5/,instagram_reels_grid_chrome
maquiempanadas,DSQTygGiHdj,"5,528",https://www.instagram.com/maquiempanadas/reel/DSQTygGiHdj/,instagram_reels_grid_chrome
maquiempanadas,DSIN-tdjc_b,"2,635",https://www.instagram.com/maquiempanadas/reel/DSIN-tdjc_b/,instagram_reels_grid_chrome
maquiempanadas,DSHudt7DZU0,"3,956",https://www.instagram.com/maquiempanadas/reel/DSHudt7DZU0/,instagram_reels_grid_chrome
maquiempanadas,DSGycCDgbjT,"5,435",https://www.instagram.com/maquiempanadas/reel/DSGycCDgbjT/,instagram_reels_grid_chrome
maquiempanadas,DSFP-hyDcme,"2,213",https://www.instagram.com/maquiempanadas/reel/DSFP-hyDcme/,instagram_reels_grid_chrome
maquiempanadas,DSDAbSODoBr,"3,705",https://www.instagram.com/maquiempanadas/reel/DSDAbSODoBr/,instagram_reels_grid_chrome
ferrero_machines,DXpBuD6B3fc,28,https://www.instagram.com/ferrero_machines/reel/DXpBuD6B3fc/,instagram_reels_grid_chrome
ferrero_machines,DXj3cgUu4Ql,457,https://www.instagram.com/ferrero_machines/reel/DXj3cgUu4Ql/,instagram_reels_grid_chrome
ferrero_machines,DXXymu2sofk,"1,889",https://www.instagram.com/ferrero_machines/reel/DXXymu2sofk/,instagram_reels_grid_chrome
ferrero_machines,DXP4GHClEEu,"5,585",https://www.instagram.com/ferrero_machines/reel/DXP4GHClEEu/,instagram_reels_grid_chrome
ferrero_machines,DXK1owekghZ,"6,171",https://www.instagram.com/ferrero_machines/reel/DXK1owekghZ/,instagram_reels_grid_chrome
ferrero_machines,DXIh672sUna,"4,280",https://www.instagram.com/ferrero_machines/reel/DXIh672sUna/,instagram_reels_grid_chrome
ferrero_machines,DW91-GVCnHs,"1,259",https://www.instagram.com/ferrero_machines/reel/DW91-GVCnHs/,instagram_reels_grid_chrome
ferrero_machines,DW2TTPJiaHZ,"1,643",https://www.instagram.com/ferrero_machines/reel/DW2TTPJiaHZ/,instagram_reels_grid_chrome
ferrero_machines,DWbtjwUuC5U,"1,574",https://www.instagram.com/ferrero_machines/reel/DWbtjwUuC5U/,instagram_reels_grid_chrome
ferrero_machines,DWXS5fND9TS,"3,559",https://www.instagram.com/ferrero_machines/reel/DWXS5fND9TS/,instagram_reels_grid_chrome
ferrero_machines,DWSUlshlL5Q,"1,442",https://www.instagram.com/ferrero_machines/reel/DWSUlshlL5Q/,instagram_reels_grid_chrome
ferrero_machines,DWC0rdkNqGz,"3,080",https://www.instagram.com/ferrero_machines/reel/DWC0rdkNqGz/,instagram_reels_grid_chrome
ferrero_machines,DV90aDQDNpw,"5,092",https://www.instagram.com/ferrero_machines/reel/DV90aDQDNpw/,instagram_reels_grid_chrome
ferrero_machines,DVwO4OQlJ5b,"5,298",https://www.instagram.com/ferrero_machines/reel/DVwO4OQlJ5b/,instagram_reels_grid_chrome
ferrero_machines,DVZmobYDhcY,"1,851",https://www.instagram.com/ferrero_machines/reel/DVZmobYDhcY/,instagram_reels_grid_chrome
ferrero_machines,DVPEdlFgpqB,"3,263",https://www.instagram.com/ferrero_machines/reel/DVPEdlFgpqB/,instagram_reels_grid_chrome
ferrero_machines,DVKLBqhgDlT,"2,010",https://www.instagram.com/ferrero_machines/reel/DVKLBqhgDlT/,instagram_reels_grid_chrome
ferrero_machines,DU1dXwNCcK0,"2,305",https://www.instagram.com/ferrero_machines/reel/DU1dXwNCcK0/,instagram_reels_grid_chrome
ferrero_machines,DUwcmCNkfN2,"4,691",https://www.instagram.com/ferrero_machines/reel/DUwcmCNkfN2/,instagram_reels_grid_chrome
ferrero_machines,DUt_KfegUob,"2,942",https://www.instagram.com/ferrero_machines/reel/DUt_KfegUob/,instagram_reels_grid_chrome
ferrero_machines,DUmUH0Mkr0d,"7,108",https://www.instagram.com/ferrero_machines/reel/DUmUH0Mkr0d/,instagram_reels_grid_chrome
ferrero_machines,DUUMnwyE3ZM,"2,157",https://www.instagram.com/ferrero_machines/reel/DUUMnwyE3ZM/,instagram_reels_grid_chrome
ferrero_machines,DT6U8d1klsM,"7,939",https://www.instagram.com/ferrero_machines/reel/DT6U8d1klsM/,instagram_reels_grid_chrome
ferrero_machines,DT0MghRlXLM,"1,695",https://www.instagram.com/ferrero_machines/reel/DT0MghRlXLM/,instagram_reels_grid_chrome
emaq_industrial,DR0CztED_EK,"1,429",https://www.instagram.com/emaq_industrial/reel/DR0CztED_EK/,instagram_reels_grid_chrome
emaq_industrial,DC4ffCXxDHE,19.5K,https://www.instagram.com/emaq_industrial/reel/DC4ffCXxDHE/,instagram_reels_grid_chrome
emaq_industrial,C-LqU0jpLHp,"3,775",https://www.instagram.com/emaq_industrial/reel/C-LqU0jpLHp/,instagram_reels_grid_chrome
emaq_industrial,C90qDKDJ-_C,12.3K,https://www.instagram.com/emaq_industrial/reel/C90qDKDJ-_C/,instagram_reels_grid_chrome
emaq_industrial,C8Ut83mpEf6,16.5K,https://www.instagram.com/emaq_industrial/reel/C8Ut83mpEf6/,instagram_reels_grid_chrome
emaq_industrial,C8RwfUkuiAz,27.4K,https://www.instagram.com/emaq_industrial/reel/C8RwfUkuiAz/,instagram_reels_grid_chrome
emaq_industrial,C7ZK-gOuo5H,"8,453",https://www.instagram.com/emaq_industrial/reel/C7ZK-gOuo5H/,instagram_reels_grid_chrome
emaq_industrial,C7XufLupUTg,"4,183",https://www.instagram.com/emaq_industrial/reel/C7XufLupUTg/,instagram_reels_grid_chrome
emaq_industrial,C7FFRNCJqEn,55K,https://www.instagram.com/emaq_industrial/reel/C7FFRNCJqEn/,instagram_reels_grid_chrome
emaq_industrial,C6tyJlJOLrO,"1,119",https://www.instagram.com/emaq_industrial/reel/C6tyJlJOLrO/,instagram_reels_grid_chrome
emaq_industrial,C6ePruHOvro,"1,343",https://www.instagram.com/emaq_industrial/reel/C6ePruHOvro/,instagram_reels_grid_chrome
emaq_industrial,C6Wi9FGOSGL,72.4K,https://www.instagram.com/emaq_industrial/reel/C6Wi9FGOSGL/,instagram_reels_grid_chrome
emaq_industrial,C6MJDUtuR8C,"3,296",https://www.instagram.com/emaq_industrial/reel/C6MJDUtuR8C/,instagram_reels_grid_chrome
emaq_industrial,C5a64riOosM,26K,https://www.instagram.com/emaq_industrial/reel/C5a64riOosM/,instagram_reels_grid_chrome
emaq_industrial,CwViTT-pw52,"6,926",https://www.instagram.com/emaq_industrial/reel/CwViTT-pw52/,instagram_reels_grid_chrome
emaq_industrial,Cv8AefbJ-06,"4,819",https://www.instagram.com/emaq_industrial/reel/Cv8AefbJ-06/,instagram_reels_grid_chrome
emaq_industrial,CsemhzGpzAz,"5,890",https://www.instagram.com/emaq_industrial/reel/CsemhzGpzAz/,instagram_reels_grid_chrome
emaq_industrial,Cqp42KhNOCV,25.2K,https://www.instagram.com/emaq_industrial/reel/Cqp42KhNOCV/,instagram_reels_grid_chrome
emaq_industrial,CnSsSG_NRCW,"5,509",https://www.instagram.com/emaq_industrial/reel/CnSsSG_NRCW/,instagram_reels_grid_chrome
emaq_industrial,CmcSMM8NqMd,"4,939",https://www.instagram.com/emaq_industrial/reel/CmcSMM8NqMd/,instagram_reels_grid_chrome
emaq_industrial,ClOmynXsApO,"5,816",https://www.instagram.com/emaq_industrial/reel/ClOmynXsApO/,instagram_reels_grid_chrome
emaq_industrial,ClEcJEMJaBe,"4,760",https://www.instagram.com/emaq_industrial/reel/ClEcJEMJaBe/,instagram_reels_grid_chrome
emaq_industrial,ClCGeYip8X2,"5,525",https://www.instagram.com/emaq_industrial/reel/ClCGeYip8X2/,instagram_reels_grid_chrome
emaq_industrial,CjoutX1vwLI,"6,037",https://www.instagram.com/emaq_industrial/reel/CjoutX1vwLI/,instagram_reels_grid_chrome
metalurgicavazquez,DP2BywzEugn,3M,https://www.instagram.com/metalurgicavazquez/reel/DP2BywzEugn/,instagram_reels_grid_chrome
metalurgicavazquez,DQNXQvcAABa,8M,https://www.instagram.com/metalurgicavazquez/reel/DQNXQvcAABa/,instagram_reels_grid_chrome
metalurgicavazquez,DPzlmXij-0u,3.4M,https://www.instagram.com/metalurgicavazquez/reel/DPzlmXij-0u/,instagram_reels_grid_chrome
metalurgicavazquez,DXmPxHxjT53,78K,https://www.instagram.com/metalurgicavazquez/reel/DXmPxHxjT53/,instagram_reels_grid_chrome
metalurgicavazquez,DXcQ78UjWfh,10.1K,https://www.instagram.com/metalurgicavazquez/reel/DXcQ78UjWfh/,instagram_reels_grid_chrome
metalurgicavazquez,DXUICK4DTsW,71.3K,https://www.instagram.com/metalurgicavazquez/reel/DXUICK4DTsW/,instagram_reels_grid_chrome
metalurgicavazquez,DXO2W8lCkl1,454K,https://www.instagram.com/metalurgicavazquez/reel/DXO2W8lCkl1/,instagram_reels_grid_chrome
metalurgicavazquez,DXKq6lACj99,279K,https://www.instagram.com/metalurgicavazquez/reel/DXKq6lACj99/,instagram_reels_grid_chrome
metalurgicavazquez,DXHSPOkI163,137K,https://www.instagram.com/metalurgicavazquez/reel/DXHSPOkI163/,instagram_reels_grid_chrome
metalurgicavazquez,DW9thp-igvM,40.8K,https://www.instagram.com/metalurgicavazquez/reel/DW9thp-igvM/,instagram_reels_grid_chrome
metalurgicavazquez,DWuTSLKimec,366K,https://www.instagram.com/metalurgicavazquez/reel/DWuTSLKimec/,instagram_reels_grid_chrome
metalurgicavazquez,DWokspJIru-,16.3K,https://www.instagram.com/metalurgicavazquez/reel/DWokspJIru-/,instagram_reels_grid_chrome
metalurgicavazquez,DWjbowwoy3R,49.3K,https://www.instagram.com/metalurgicavazquez/reel/DWjbowwoy3R/,instagram_reels_grid_chrome
metalurgicavazquez,DWcXfXXj4tL,154K,https://www.instagram.com/metalurgicavazquez/reel/DWcXfXXj4tL/,instagram_reels_grid_chrome
metalurgicavazquez,DWWTKn1jacL,"9,093",https://www.instagram.com/metalurgicavazquez/reel/DWWTKn1jacL/,instagram_reels_grid_chrome
metalurgicavazquez,DWRVCDejYlB,67.8K,https://www.instagram.com/metalurgicavazquez/reel/DWRVCDejYlB/,instagram_reels_grid_chrome
metalurgicavazquez,DWOryC_jTBK,491K,https://www.instagram.com/metalurgicavazquez/reel/DWOryC_jTBK/,instagram_reels_grid_chrome
metalurgicavazquez,DWJtRboDVtY,37.8K,https://www.instagram.com/metalurgicavazquez/reel/DWJtRboDVtY/,instagram_reels_grid_chrome
metalurgicavazquez,DWJjwBJjTVb,237K,https://www.instagram.com/metalurgicavazquez/reel/DWJjwBJjTVb/,instagram_reels_grid_chrome
metalurgicavazquez,DWG-CfvDRnm,12.6K,https://www.instagram.com/metalurgicavazquez/reel/DWG-CfvDRnm/,instagram_reels_grid_chrome
metalurgicavazquez,DWEakfejTyq,19.3K,https://www.instagram.com/metalurgicavazquez/reel/DWEakfejTyq/,instagram_reels_grid_chrome
metalurgicavazquez,DWAAbh6marp,19.8K,https://www.instagram.com/metalurgicavazquez/reel/DWAAbh6marp/,instagram_reels_grid_chrome
metalurgicavazquez,DV9NNR5D6fR,18.2K,https://www.instagram.com/metalurgicavazquez/reel/DV9NNR5D6fR/,instagram_reels_grid_chrome
metalurgicavazquez,DV1SN-cAPin,156K,https://www.instagram.com/metalurgicavazquez/reel/DV1SN-cAPin/,instagram_reels_grid_chrome
