sendable_id	body
135344	Cupos
135344	Si
135344	2026
135344	7 de enero
135344	11:30
135344	Cu√°nto vale
135344	Hace pasteles de trigo
135344	Si
135344	Arepas de huevo
135344	Peto
136057	CUPOS
136057	No
136057	Si gracias
136057	Me
136057	Interesa este tipo de negocios
137353	CUPOS
137353	Si
137353	Para el 2026
137353	Jueves 8 de enero
137353	900 am
137353	Quisiera saber el precio de las m√°quinas
137353	Colombia
141101	CUPOS
141101	Hola quiero cotizar la m√°quina para arepas yo utilizo promasa
141101	Si
141101	Proyecto
141101	Yo estoy en cucuta
141101	Que fecha es la feria
144587	Cupos
144587	S√≠ pruduzco Arancinis, Lumpias y alb√≥ndigas.
144587	Cupos
144587	si
144587	Explorando.
145690	Buenas tardes una pregunta que fecha es y que costo tiene?
145690	Estoy en Buga
145690	Valle del cauca
145690	Nosotros tenemos maquina ya de ustedes
145690	Quisiera ver que maquinas hay nuevas
145690	Yo hablo de esta invitaci√≥n
145690	Si
145690	Solo estoy explorando
145690	Pero me gustar√≠a ir a mirar en la feria directamente
145690	Si
145690	No tengo acceso para ello?
145690	Entonces no entiendo porque me env√≠an esto si no hay cupos
145690	Solo estoy explorando
146362	Cupos
146362	Si
146362	Halladas y tamales
146362	Estoy explorando posibilidades para industrializarme
146362	Y reducir costos con empleados
146362	Si podemos hacer una reuni√≥n en Bogot√° o si me puedes enviar cat√°logos estructuras si tienes conexi√≥n con el fondo emprender para poder desarrollar el proyecto
146864	Cupos a
146864	No
146864	Ok gracias
146864	Quer√≠a saber sobre las m√°quinas su valor y su producci√≥n para tomar una desicion
146943	Cupos
146943	Si
146943	Cupos
146943	Si me. Gustaria
146943	Mi√©rcoles 11 am
147143	Cupos
147143	No
147143	En medell√≠n d√≥nde puedo ver la m√°quina
147143	Ok gracias
147143	Ok gracias
147143	Ok gracias
147143	Ok gracias
147143	Ok gracias
147143	Ok gracias
147143	Ok gracias
149047	Cupos
149047	No
149047	Gracias
149047	Ok muchas gracias
149896	Cupos
149896	No
149896	Gracias
149896	Gracias pense que maquiempanadas asesoraba emprendedores
149896	Gracias pense que maquiempanadas asesoraba emprendedores
149896	Gracias pense que maquiempanadas asesoraba emprendedores
149896	Gracias pense que maquiempanadas asesoraba emprendedores
149896	Gracias pense que maquiempanadas asesoraba emprendedores
149896	Gracias pense que maquiempanadas asesoraba emprendedores
150214	Cupos
150214	Si
150214	Explorando para mejorar la producci√≥n
150214	Gracias
150214	Valor de l m√°quina ?
150214	Me puedes enviar las caracter√≠sticas
150214	Colombia.   Bogot√°
150214	Expl√≠came por ac√°
150214	Tama√±o de las empanadas
150303	Cupos
150303	Si
150303	Si
150303	No puedo ninguno de los dos d√≠as
150303	Yo vivo en Rionegro Antioquia
150303	OK gracias
151520	Cupos
151520	CUPOS
151520	No
151520	Soy ingeniero de alimentos y me gustar√≠a ir para futuros clientes
151520	No te go empresa pero soy profecional en el √°rea
151520	Vale gracias
151807	Cupos
151807	Cupos
151807	Cupos
151807	Cupos
151807	Cupos
153927	Cupos
153927	Si
153927	Lo tengo urgente para el 2026
153927	Si
153927	8 enero
154749	Cupos
154749	No
154749	Gracias
154749	Quiero saber los costos de producci√≥n y q maquinaria necesito
154749	800 empanadas
154749	No tengo ninguna en particular cual recomiendan Uds ?
154749	Si
154749	Si todos
154749	Colombia
154749	Armenia, Quind√≠o
154749	Env√≠eme la ficha t√©cnica
154749	De menor precio q m√°quinas manejan ?
154749	Que beneficios
159246	CUPOS
159246	Si
159246	Quiero hacerlo
159246	8 de enero 10am
159246	Ok
159246	Gracias üôè
159246	Cupos
159605	"Hola pacosüî•
Mira nuestro menu ‚¨áÔ∏è‚¨áÔ∏è
https://wa.me/c/573186326023
Valor domicilio $2.000
El tiempo de espera es de 30 a 45 min. üî• 
Sabemos que quieres comer ya!!üî• Para agilizar Reg√°lame
-Nombre:
-Direccion:
-Telefono:
¬øQu√© deseas pedir?

Muy pronto te responderemos üî•"
159605	Cupos
159605	Si
159605	Est√° pensando para el 2026
159729	CUPOS
159729	Si
159729	Hola Siii
159729	Estoy reci√©n empezando .
159729	Preparamos inicialmente por semana de 400 a 600  porque la mano de obra se cansa .  Queremos saber que pueden ofrecerle en m√°quinas
159729	
159729	Se est√°s dos √∫ltimas  referencias me env√≠as videos por favor . Gracias
159729	Me gustar√≠a saber  cual es  la diferencia entre maquinas
159729	Ahhh ok
159729	Ahora me gustar√≠a saber que precio tienen ? Y que tipo de garant√≠as , con que energ√≠a funciona ?
159729	Gracias
159800	Cupos
159800	Si
159800	Fabric√≥ empanadas desde  hace 14  a√±os
159800	Jueves 8 de enero 3 de la tarde
159800	Muchas gracias
162558	CUPOS
162558	No
162558	Gracias
162558	Me env√≠as el contenido para ver qu√© m√°quinas hay
162558	Realmente tengo es panaderia
163205	CUPOS
163205	Si
163205	Pensando m√°s por ese  aumento del m√≠nimo
163205	Pero quiero m√°s informaci√≥n tengo ya una producci√≥n de trigo
163205	andando
163205	Empanadas de trigo
163205	Ma√≠z peyo y yuca pero esa l√≠nea ya est√° automatizada
163205	Colombia Bogot√°
163205	CUPOS
163205	Si
163205	hola si deseo participar virtualmente
163205	miercoles 3:00 pm
163205	Jueves 9:00 am
163205	hola dame un horario con espacio
163205	mi√©rcoles 11:00 am
163205	esta bien
163205	
163222	Cupos
163222	Si
163222	Cupos
163222	Produzco
163222	Lo estoy explorando
163222	Me gustar√≠a en este momento me puedas brindar la ficha t√©cnica
163222	Con masa te refieres a la masa que uso actualmente M
163222	?
163222	Pues yo uso en mi negocio la harina precocida de ma√≠z pero me gustar√≠a cambiarme a peto y cu√°l me sugeririas ser la mejor para la maquinaria ?
163222	La de ma√≠z y trigo manejan el mismo volumen de producci√≥n?
163222	Si ma cm08 me gustar√≠a
163222	La *
163222	Con versatilidad un ejemplo
163222	Yo quiero hacer arepas empanadas manejan moldes diferentes adaptables a la m√°quina ?
163222	Si tienen un video de como ser√≠a elaborar pasteles o empanadas de trigo por fis
163222	Dale perm√≠teme miro jeje
163222	Te quer√≠a consultar v√≠ por ejemplo las de trigo vienen como con el nombre
163222	Osea mi pregunta concreta es los moldes son est√°ndar o se realizan como uno guste. ?
163222	En mi negocio manejo de pollo con champi√±ones por ejemplo en masa de trigo
163222	Comprendo
163222	Te preguntO por ejemplo con las de trigo yo manejo masas listas que vienen individuales recomendar√≠as otro tipo de masa o q la masa sea m√°s grande q el molde o esas masas q manejo est√°n bien ?
163222	Super chevere
163222	Disculpa estaba mirando lo de la presentaci√≥n como puedo acceder a dicha presentaci√≥n del producto me gustar√≠a verlo
163222	Dale
163222	Y bueno hablemos de costos
163222	Digamos yo lo requiero para empanadas de ma√≠z y de trigo y arepas
163222	Colombia Bogot√°
163222	Kennedy
163222	Tienen facilidades de pago ?
163222	Y como contacto con el equipo de ventas ?
163222	Y te pregunto vi tambi√©n q manejaban desmechadora
163222	En q horario atienden ?
163222	Vale gracias ‚ò∫Ô∏è
163868	CUPOS
163868	Si
163868	2026
163868	Inicios
163868	Jueves 4 pm
163868	CUPOS
163868	4:00 pm
163868	3:00 pm
163868	ü§¶üèº‚Äç‚ôÇÔ∏èestoy en Bogota
163868	4:00 pm
163868	Colombia Bogota
163868	Si gracias. Y toda la informaci√≥n.  Mantenimientos y demasüôèüèº
163868	Gracias
163868	Ok gracias.  Bendiciones
164351	Cupos
164351	No
164351	Cupos
164351	No
164351	Si voy a iniciar un negocio de venta de empanadas
164351	2000
164351	Me gustaria la masa de maiz
164351	Me gustaria solo empanadas
164351	Colombia
164351	Si por favor venia por carretera
164351	Enviame la ficha tecnica y agendamos para ma√±ana la llamada
164351	Buen dia
164351	Me gustaria poder ver la maquina trabajando
164351	En bogot√°
164351	Hay manera de verlo
164351	En alg√∫n lado?
166032	Cupos
166032	Si
166032	2026
166032	Jueves 4:00pm
166032	Ok
169037	CUPOS
169037	Si
169037	Si estoy esperando buscando maquinarias
169037	Demo virtual
174984	CUPOS
174984	No
174984	Quiero
174984	Inicicuar
174984	Proyecto
174984	Si
174984	Requiero saber precios
174984	Nodelos
174984	Colombia
174984	Millones,pesos d√≥lares no es clara la informaci√≥n
175286	CUPOS
175286	Si
175286	Si
175286	Cupos
175286	Si
175286	Hola Camila
175286	Quiero conoser m√°s acerca. De la. M√°quina
175286	De hacer empanadas
175286	500 a1000 diarias
175286	Maiz
175286	Manejo
175286	Cupos
176361	CUPOS
176361	Si
176361	Ya tengo mi negocio desde hace 7 a√±os
176361	Jueves  11 am
176361	Buenos dias
176361	Lo q quiero es comprar una maquina
176361	Quisiera saber de precios
176361	Colombia
176361	Ficha t√©cnica
176361	Para la llamada hoy a las 4pm
176361	Esa me interesa
176361	La hora est√° bien
178785	A mano
178785	200
178785	Y una de 500 en cuanto me sale
178785	Ibagu√© Colombia
178785	Ficha t√©cnica
178785	CUPOS
178785	Si
178785	Pensado
181076	Cupos
181076	Empanadas y arepas de huevo
181076	Si
181076	Esta pensado para 2026
181076	Esta pensado para 2026
181076	Esta pensado para 2026
181076	Esta pensado para 2026
181076	Esta pensado para 2026
184608	CUPOS
184608	
184608	
184608	
184608	Si
184608	Ya est√° creado
186383	CUPOS
186383	Si
186383	Tengo un emprendimiento  y estoy explorando
186383	
186383	Si claro
190095	CUPOS
190095	
190095	
190095	
190095	Si claro
190479	CUPOS
190479	Si
190479	Para el 2026
190479	Ya tengo una fabrica de empanadas
190479	Desde el 2020
190479	Y me gustar√≠a implementar nueva maquinaria
190479	Que me ayude a sistematizar m√°s
190479	Virtual Mi√©rcoles 10:00 am
190479	Vale muchas gracias
198536	CUPOS
198536	Buenas noches
198536	Precio
198536	200
198536	Trigo y ma√≠z
198536	Todo
198536	Colombia
198536	En un municipio de Nari√±o
198536	Explio
198536	Me gustar√≠a videos de la m√°quina
198536	Y maquina para manejar una sola persona
198536	Est√° sirve para ma√≠z y trigo
198536	Y q precio
198536	Y garant√≠a de cu√°nto tiempo
198536	Porque en q pais la env√≠an
198536	La llamada mas tarde
198536	Q otra opci√≥n hay
198536	M√°s peque√±a como de dos, una aplanar y otra armar
198536	Si tiene modelos porfa envie
198536	Yo miro
198536	Hace el favor me env√≠a videos para ver
198536	Como son
198536	De todas
198536	La CM06 q precio
204866	CUPOS
204866	Si
204866	"Analizando las cosas para este A√±os
Gracias"
204866	"Uso la masa de Harina de Trigo 
Para ese me pueden enviar alg√∫n v√≠deo 
Precio 
Gracias"
204866	"Colombia 
Puedo ver un video"
204866	Gracias
204866	Gracias
402952	CUPOS
402952	Si
402952	Su
402952	üò≥ precio  de la maquina
402952	Para Colombia
402952	Env√≠eme ficha tecnica
402952	
402952	
402952	
406615	Cupos
406615	https://vt.tiktok.com/ZSyPc1VcV/
406615	https://vt.tiktok.com/ZS566rtQu/
406615	"ü§óüòá ¬øHas visto esto? 
*Luis Carlos Castro * te envi√≥ un mensaje sorpresaüéÅ 
üíÅ *Abre esto* 
üëáüëáüëáüëá 
 https://foodaki.com/an/?n=Luis-Carlos-Castro-&t=w"
406615	https://vt.tiktok.com/ZS5rqXyym/
406615	https://vt.tiktok.com/ZS5rRKvxo/
406615	https://vt.tiktok.com/ZS5hbo8wm/
406615	https://vt.tiktok.com/ZS5hbtKGt/
406615	https://vt.tiktok.com/ZS5ACbVjX/
406615	https://vt.tiktok.com/ZS5SDEP3K/
410529	Cupos
410529	Si
410529	Si
410529	Cupos
410529	Puedo hablar con un asesor?
410529	Le hago unas preguntas
410529	Puede ser hoy
410529	3:00
411253	CUPOS
411253	Si
411253	Estoy pensando 2026
411253	Quiero ver un v√≠deo
411253	Mi√©rcoles 7 hora 10 a m
411253	Gracias
411948	CUPOS
411948	Si
411948	Si empanadas
411948	Ola buen d√≠a precio de la m√°quina
411948	Y donde est√°n ubicados
411948	Colombia
411948	Bogot√°
412344	Cupos
412344	Empanadas,  papas rellenas, flautas rellenas carne y pollo,
412344	Aborrajao
412344	Empanadas papas rellenas
412344	Montar fabrica de empanadas
412344	Fabrica de empanadas y papas rellenas
412344	Sumerc√© el 8 salgo de la empresa de trabajar resido en el Meta no alcanzo a llegar
412344	Sigo pendiente
412344	Gracias
412344	Cupos
412344	Cupos
412344	Si
412344	Fabrica de empanadas y arepas
412344	D√≠a 8 mi√©rcoles 10 am virtual
412344	Okey gracias quedo pendiente
414474	CUPOS
414474	Si
414474	2026
414474	Jueves 10am
414474	Jueves 8 de enero 10:00am
414474	Tiene costo  el cupo?
414474	Muchas gracias
414474	Confirmo cupo presencial
414474	Si
414862	CUPOS
414862	Si
414862	Ya produzco
414862	De que se trata el proyecto
414902	CUPOS
414902	Buenos d√≠as
414902	Si
414902	Automatizar  en el 2026
414902	Virtual
414902	No cu√°l quier d√≠a
414902	Estoy en vacaciones y puedo a cualquier hora
414902	Ok gracias
414902	üòúüëçüèΩ
414902	Esto
414902	Fue lo √∫ltimo
417025	Cupos
417025	Cupos
417025	Si
417025	Si
417025	Pensado para 2026
417025	Mi√©rcoles 4 pm
417025	Gracias
417025	Osea que no hay ning√∫n dia
417025	En agenda
417025	Mil gracias üôè
420115	Cupos
420115	Cupos
420115	Si
420115	La verdad  estamos muy interesados desde hace tiempo pero a√∫n no lo hemos realizado, queremos estar m√°s seguros que el equipo que compramos cumpla con nuestra necesidad
420115	Hola Laura
420115	Cupos
420115	Si
420115	Lo estoy necesitando
420115	Pero quiero estar segura de que cumpla con mis espectativas
420115	Si por favor
420115	Nosotros solo trabajamos con harina de trigo
420115	Si por favor
420115	Me gustar√≠a ver la ficha t√©cnica
420779	buenos dias
420779	estoy interesada en la compra de la maquina
420779	M√°quina para empanadas y arepas mixta CM08
420779	soy due√±a de un restaurante pero vendo empanadas, arepas rellenas y quiero comenzar con la linea de trigo
420779	tengo dos restaurante $ 1000
420779	vendo mil
420779	porque todo es manual
420779	pero quiero congelar
420779	mi producion es arepa de queso rellena - arepa de huevo - empana de queso- arepa dulce de anis - empanada de carne
420779	tambien hago fritos peque√±os de pasabocas
420779	asi es
420779	colombia - sincelejo departamento de sucre
420779	queria preguntar si adquiero la maquina recibo una capacitacion
420779	enviame la ficha tecnica y organizame la llamada
420779	si me parece s√∫per bien
420779	env√≠ame la fichas t√©cnica por favor
420779	con todo gusto
420779	espero la llamada
420779	gracias quedo atenta
420779	a mano
420779	1.000
420779	as√≠ es de manera manual
420779	actualmente trabajo con maiz pero voy a meter las de trigo
420779	si
420779	CUPOS
422451	CUPOS
422451	Si
422451	CUPOS
422451	
422451	
422451	
422451	T√≠do
422451	
422451	
422451	
422602	CUPOS
422602	Si
422602	Pensando en 2026
422602	Pensando en 2026
422602	Pensando en 2026
422602	Pensando en 2026
422602	Pensando en 2026
422602	Jueves 8 de enero 4pm
422602	Esto es virtual?
422602	Pensando en 2026
422602	Jueves 8 de enero 4pm
422602	Esto es virtual?
422602	Si
422602	Es virtual?
422602	Pensando en 2026
428207	CUPOS
428207	Buenas tardes
428207	Interesado en esa visita para saber de las maquinas para producci√≥n de fritos.
428207	No produsco estoy interesado. Estoy ensayando con identificar las clases de emapnadas...  para producir....
428207	
428207	
428207	
428207	
428207	Edtamos en esa meta de iniciar en 2026....
428207	La empresa queda localizada en Manizales cierto?
428207	Resido en Neiva.
428207	Pienso que ser√≠a virtual la proxima semana (por ahora)....
428207	Vivo en Neiva Huila.
428207	Tu puedes mandar catalogo y valor de las naquinas pir favor.
428207	Gracias. Te estar√© escribiendo.
428207	Gracias
428207	No, gracias!
428567	CUPOS
428567	Si
428567	Si para el 2026
428567	Cupos
428567	Si
429357	Hola, buenas tardes srta Camila.
429357	Si por favor
429357	5 mil empanadas
429357	Masa de trigo y masa de maiz
429357	Ok
429357	Empanadas de maiz y empanadas de trigo.
429357	Colombia, en la ciudad de Cartagena
429357	Hola, puedo recibir la explicaci√≥n por aqu√≠ para poder acudir a ella cada vez que necesite revisar y tambi√©n podemos hacer la llamada
429357	CUPOS
429445	Cupos
429445	Si
429445	Si estoy pensando en automatizaci√≥n
429445	Mi√©rcoles 7 de enero 11:00 Am
431552	CUPOS
431552	Si
431552	Disculpa es que yo ya tengo una maquina de ustedes, en esa publicidad me dio a entender que tienen un accesorio nuevo para la maquina?
431552	Si, me gustar√≠a saber mas
431552	No, no podr√≠a yo estoy en Bogot√°, este a√±o estar√°n en la feria que hacen de alimentos alla?
431552	Si por fsvor
431552	Si por fsvor sobre ese modulo
431552	Tienes costos?
431552	Colombia
431552	Mil gracias
433839	Cupos
433839	Cupos
433839	Cupos
433839	Cupos
433839	Cupos
433839	Cupos
433839	Si
433839	Pensado para el 2026
433839	Jueves 8 de enero 11 am
433839	Jueves 8 de enero 11 am
433839	Cupos
438770	CUPOS
438770	Si
438770	Zi
438770	Si
438770	Mi√©rcoles 11 am
438770	Si
443039	CUPOS
443039	Empanadas
443039	Si
443039	Ya
443039	Precio de la m√°quina para empanadas
443039	Colombia
443039	La ficha t√©cnica
443890	Cupos
443890	Si
443890	Si pensado para 2026
443890	No estoy en esos dias
443890	Claro
443890	Vivo en Pacho
443890	Muy lejos
443890	Gracias de todos modos
443890	En bogota
443890	
461725	CUPOS
461725	Cuanto cuesta una maquina de aser enpanadas
461725	Colombia  de Partamento meta
461725	La ficha t√©cnica
461725	Aver
461725	No se puede mirar algun video del funcionamiento dela m√°quina ü§î
461725	Que de su per encantada mirando el video dela maquina  estoy en proceso con un pr√©stamo bancario y sidios quiere mela compro si  y una maquina granisadora  tanbien tengo en proyecto para mi negocio
461725	
461725	Este es minegocio üëÜ
461725	Uy gracias  üôÇ
461725	Yo estar√© en comunicaci√≥n con tigo para la compra dela maquina  pidamos mucho adi√≥s que semeden las cosas r√°pido
461725	Si se√±ora as√≠ ser√°
527972	CUPOS
527972	Si
527972	2026
527972	10 virtual
527972	Siiii se√±ora
527972	Ala 10
528176	CUPOS
528176	Presio
528176	
528176	Si
528176	
569405	Cupos
569405	Si
569405	Explorando
569405	Yo trabajo con arepas con queso
569405	Masa de maiz
570933	¬°Hola! Quiero m√°s informaci√≥n.
570933	CUPOS quiero estar en esa cita pero no me puedo trasladar a manizales
570933	Si
570933	No actualmente yo trabajo fabrico empanadas pasteles arepas y quiero mejorar
570933	
570933	Qu√© tiempo dura la cita
570933	4pm
570933	Okey gracias
570933	
570933	Estar√© atento
570933	En el caso m√≠o ya ha quedado ya que el 8 de enero para las 4 de la tarde
570933	
571078	CUPOS
571078	Si
571078	Si est√° pensado para el 2026
571078	D√≥nde es
573227	CUPOS
573227	No
573227	Quiero empezar
573227	Ok
573227	Entre 300 y 500 diarias
573227	Maiz
573227	Empanadas y arepas
573227	Y despu√©s pasteles
573227	Colombia
573227	Colombia
573227	Enviemela
580023	CUPOS
580023	Si
580023	Estamos pensando en automatizar
580023	Deseo es hablar con alguien
580023	Para info
580023	Ya que me encuentro en Bucaramanga
580023	Colombia
580023	Deseo es una m√°quina para realizar los pasteles que vendemos
580023	Manejamos masa de trigo
580023	Deseo agendar una llamada
580023	Puede ser hoy
580023	Dime la hora
580023	,9
580023	Para participar de la feria que toca hacer?
580023	Nosotros estamos en Bucaramanga
580023	Quedaron en llamarme est√° ma√±ama
580023	Y no me llamaron
580023	Tengo dudas
580023	Si por favor
580023	A qu√© n√∫mero puedo llamar
580023	Para hablar con un asesor humano
647549	a√∫n no produzco
647549	CUPOS
647549	La opci√≥n cupo no es v√°lida para proyecto?
647549	La opci√≥n cupo no es v√°lida para emprendedores?... A qu√© conocimientos tienen derecho los validados?
647549	CUPOS
654744	Gracias por comunicarte con Arepas Artesanales Mama German. ¬øC√≥mo podemos ayudarte?
654744	Gracias por comunicarte con Arepas Artesanales Mama German. ¬øC√≥mo podemos ayudarte?
654744	Cupo
654744	Si
654744	Ya estamos en proceso de automatizaci√≥n y empezamos a trabajar desde el 15 de enero.
660146	Cupos
660146	Tengo un caf√© en tibasosa pero me voy a extender con arepas de huevo y empanadas
660146	Para 2026
660146	En febrero ya tengo local
660146	Jueves 4 pm
660146	Es complicado por la temporada ac√° es hasta el 15 de enero
660146	1 jueves
660146	Si dime
660146	Jueves 2
660146	Sr jueves  2 de la tarde
660146	üôÉ
660146	Cupos
660146	Pero como me hago entender que el jueves 8 a las dos de la tarde
660146	Me est√° escribiendo que solo tiene esa disponibilidad el 7 y el 8
660146	El 8 es jueves y le escribo el jueves dos de la tarde
660146	Eso es
660325	Cupos
660325	Si
660325	Somos de Nari√±o nuestra  masa se llama a√±ejo que es ma√≠z fermentado, molido y cocinado me gustar√≠a una prueba con nuestra masa
660325	La mayor√≠a de los procesos los tenemos automatizados, y creemos que como se trabaja ahora es muy manual y lento
660325	Si claro sigo trabajando en el proyecto y quiero mejorarlo con maquinaria
660431	CUPOS
660431	Si
660431	Si para este a√±o
660431	Es virtual si?
660431	En la cira que temas vamos a hablar
660431	Cupos
661290	Cupos
661290	Si
661290	
661290	Romperla en el 2026... con el favor de Dios üôèüèº
661290	Si claro üëçüèº
661290	Estamos hablando de que est√© evento es presencial?
661290	
661290	La verdad en √©sas fechas tengo un compromiso üòî
661290	Y la verdad estoy bastante retirado...soy de Barrancabermeja Santander
661290	Si claro üëçüèº
661290	
661290	
661290	Cupos
663125	Cupos
663125	CUPOS
663125	Si
663125	Empanadas Arg
663125	Si m√°s informaci√≥n
663125	Mi√©rcoles
663125	9 am
663125	CUPOS
666767	CUPOS
666767	Si
666767	Empanadas patacones papas deditos bu√±uelos
666767	Explorando para una buena desicion y ejecuci√≥n en el 2026
666767	Porfavor
666767	CUPOS
666767	CUPOS
666767	Si
666767	Explorando para una buena desicion y ejecuci√≥n en el 2026
666767	Cupos
666767	2026
666767	Si
666767	Mi√©rcoles 7
666767	03 pm
666767	Virtual
666767	
667736	CUPOS
667736	S√≠
667736	S√≠
667736	7 de enero
667736	2 pm
667736	4pm
667736	Una pregunta eso es presencial
667736	Uumm y√°
667736	No me encuentro en Manizales
667736	Cupos
667736	No
667736	S√≠
667765	CUPOS
667765	Si, chorizos de pollo y cerdo
667765	Explorando
667765	Gracias
667765	Cuanto cuesta la maquina?
667765	Puede ser
667765	Ok gracias
667970	CUPOS
667970	"Buen d√≠a 
Precio ?"
667970	Si
667970	Hola camila
667970	Por eso pido informaci√≥n para saber precio
667970	Pensando 2026
667970	Mi√©rcoles 7 enero
667970	3pm
667970	Ok
667970	El valor por fis
667970	Colombia
667970	Buenos d√≠as
667970	Les agradezco su tiempo üôÇ ya no estoy interesada
667970	Que tengan buen d√≠a
667970	Muy amables
668656	cupos
668656	Si
668656	ya trabajo en el desde hace varios a√±√≥s.Se llama La empanada Coqueta en Cali
668656	Quiero saber su precio por el cupo y si se hace es en la feria de Manizales porque me queda dificil el desplazamiento
668656	No me respondiste acerca de el desplazamiento.
668656	Me interesa mucho el contenido educativo.
668656	Lo m√°s importante el precio.tambien vendo papa rellena
668656	Colombia Cali Valle
668792	CUPOS
668792	S√≠
668792	Mi proyecto est√° Pensando en la automatizaci√≥n para este 2026
668792	Mi√©rcoles 7 de enero 9:00 am
668792	Una pregunta la cita es presencial o virtual?
669347	CUPOS
669347	Cupos
669347	Me interesa virtual
669347	Estoy lejos de manizales
669347	Empanada y arepas
669347	Tengo 2 operarios haciendo a mano
669347	Para el segundo semestre del a√±o, hay mucha conmoci√≥n pol√≠tica
669419	Cupos
669419	No
669419	Si tengo un negocio y quiero implementar las empanadas
669419	Mil empanadas
669419	Hay una masa que se llama a√±ejo quiero trabajar con esa y la de trigo
669419	Empanadas de trigo de diferentes mezclas internas como de queso, hawaiana de carne de pollo y la de alejo con guiso y papa
669419	Si
669419	Y la de a√±ejo
669419	Tambi√©n
669419	Colombia en Popay√°n
669419	Ficha t√©cnica por favor
669419	Pregunta la m√°quina prepara la masa y arma las empanadas
669419	Tienes v√≠deo tutorial
669419	Para ver su funcionamiento
669685	Cupos
669685	Empanadas y erepas
669685	Si
669685	Para el a√±o venidero 2026
669685	"Desafortunadamente voy a estar fuera del pais durante esa temporada y regresare a Colombia a fines de Febrero 
Me estare en comunicacion cuando regrese
Feliz √Ä√±o Nuevo"
669685	Muchas gracias y con los mismos deseos
670774	CUPOS
670774	Si
670774	Pensando en iniciar en √©ste a√±o
670774	Jueves 8 de enero a las 3 pm
670796	CUPOS
670796	Me interesa estoy en ibague
670796	Si
670796	2026
670796	No puedo en esas fechas
670796	"Si, por fa.
Puedo en febrero"
670796	CUPOS
670796	Cupos
670796	Si
670796	Esta pensado y proyectado
670796	Es que vi que la presentacion es virtual
670796	Estoy de viaje y para esas fechas aun no he regresado, si hay una demostracion virtusl les agradesco. De lo contrario los contacto e ir√≠a en febrero. Estoy en ibague.
670796	Ok dale
670796	Si claro que si gracias
671203	CUPOS
671203	"Buenos d√≠as 
Que precio tiene la m√°quina?"
671203	Si emoanadad
671203	Si, empanadas.
671203	Es para hacer un presupuesto ir ahorrando porque la verdad la plata no la tengo.
671203	"Me puedes hacer el favor de enviarme video de como es la m√°quina.
Precio!"
671770	CUPOS
671770	No
671770	CUPOS
671770	Si
671770	Necesito informaci√≥n sobre maquinaria automatizada
671770	1000
671770	Maiz
671770	Todos
671770	Colombia
671770	Ciudad de Valledupar
671770	Dpto cesar
671770	Una llamada
671770	Y la ficha
671770	Cualquier hora estoy atento
671770	Mi√©rcoles 9am
671770	De donde me escribes
671770	Ok gracias
672792	CUPOS
672792	√ëno
672792	CUPOS
672792	Donde seria
672792	Si
673224	Cupos
673224	No
673224	No
673224	Cupos
673224	Si
673224	de nada
673224	Siiiiii
673224	presencial
673224	10
673224	Siii
673224	Okey
673224	Siiiiii
673224	Okey
673224	8
673224	a las 10
673224	Cupos
673524	CUPOS
673524	Puedes darme informaci√≥n sobre estos productos
673524	Si
673524	Est√° para este mismo a√±o 2026
673524	Y porq no hablan de presios si es fundamental para el comprador?
673589	E hecho empanadas a mano y me gustar√≠a volver a fabricar con una m√°quina de est√°s que usted ofrece me interesa saber m√°s y sus precios
673589	Estoy evaluando una idea
673589	Empanadas de ma√≠z
673589	Me gustar√≠a m√°s de 200
673589	Armenia Quindio Colombia
673589	Env√≠ame la ficha t√©cnica para conocer la maquina
673589	Ok te agradezco la informaci√≥n en cualquier momento nos volvemos a comunicar ya que me interesa
673589	Muchas gracias por su atenci√≥n feliz noche
673589	CUPOS en qu√© lugar est√°s ubicado
673650	CUPOSbuenas a como tienem la maquina para empanadas
673650	Quer√≠a saber q precio tiene
673650	"Es aca en medellin 
Colombia"
673650	Toda completa
673650	Me puede mandar medidas y videos x fa
673650	Mande la ficha t√©cnica yo la miro x fa
673668	Cupos
673668	Hola
673668	CUPO
673668	si
673668	es para el 2026
673668	miercoles 7 a las 9 am
673668	gracias
673668	gracias
673668	De qu√© me hablas?
673668	De qu√© me hablas?
673742	Buenos  d√≠as se√±ora Camila,producci√≥n a mano
673742	Aproximadamente 200 diarias
673742	Osea no puedo acceder al producto
673742	Por lo menos  saber valor
673742	Colombia üò≠üò≠üò≠
673742	Si gracias
673742	A usted tambi√©n gracias por su gentil atenci√≥n
673742	No muchas gracias por la informaci√≥n üëç
673742	CUPOS
673742	Si
673742	Si
673742	Disculpe se√±or en donde est√°n ubicados
673742	Gracias, seria virtual  jueves 8 de enero 4pm
673742	Listo muchas gracias por su gentil  orientaci√≥n, quedo pendiente
673840	Cupos
673840	Cupos
673840	Cupos
673840	Cupos
673840	Si
673840	Si
673840	Si
673840	Si
673840	Si
673840	Explorando
673840	Si
673840	Explorando
673840	Explorando
673840	Explorando
673840	Cupos
673840	Explorando
673840	M√°ndeme la ficha por favor y precio
673840	Masa de ma√≠z peto
673840	Explorando
673840	Ficha t√©cnica
673840	Y cual es la siguiente m√°quina?
673847	Cupos
673847	Muy interesado
673847	Pancerotis
673847	Y compro  25 028 millones mensuales
673847	Si
673847	2026
673847	Estoy atrasado
673847	Boy para manizales  7 8 y 9
673847	Pero no se los hirarios de las ajendas
673847	Mas facil el 8
673847	Tipo 9am
673847	En manizales verdad
673847	No
673847	Nos vemos pronto
673852	Buenas tardes
673852	Para separar cupo ahora en Julio para la feria que habr√° en Manizales
673852	Si
673852	"Queremos vender empanadas congeladas  para el a√±o 2026 y queremos asesorarnos como es el
Proceso para mantener calidad"
673852	No era para julio ?
673852	Y despu√©s habr√° otras fechas ?
673861	Cupos
673861	No somos una asociaci√≥n de t√©cnicos electricistas pero somos emprendedores en todas las actividades que no ayuden a la sostenibilidad social de los afiliados
673861	Excelente es un PLC controlando un sistema hidr√°ulico al parecer cu√°nto cuesta una m√°quina de est√°s Camila
673861	No est√° bien, d√©jate yo expongo la idea a la junta directiva y te cuento ok muchas gracias Camila
673861	
673861	
673863	CUPOS
673863	Si
673863	Si
673863	Automatizaci√≥n
673943	CUPOS
673943	Si
673943	"Si mediados de este a√±o que comienza si Dios permite.
Soy Alberto un gusto.
Gracias por su respuesta y √©xitos en este nuevo a√±oüôèüèª"
673943	Ok jueves 10:00 am mil gracias.
673943	Ok feliz noche.
673943	
673943	Con qui√©n tengo el gusto?
673943	"Ok un gusto Camilo y si gracias por tu asesor√≠a.
Yo te cuento que tengo unas bonitas experiencias con las empanadas y espero pronto comentarlas y hacerlas  conocer.
Disculpa tienes un cat√°lago o ebook con precios? O fabrican a medidas del cliente?
Bueno disculpa pero preguntas si hay muchas y el tema me apasiona...de antemano gracias."
673943	"Unas 1000 diarias.
Pero mi proyecci√≥n es a nivel de otras ciudades y si es a√∫n proyecto y es ambicioso pero de eso se trata."
673943	Trigo
673943	Y si innovar siempre me parece importante.
673943	No pienso que enfocarse en un producto es mejor
673943	Listo muchas gracias.
673943	Cupos.
673943	Muy buenas si muy amable ya el martes te confirmo si hay disponiblidad de viajar o hacerlo virtualmente.
673943	Ok.
673943	"Buen d√≠a si muy interesante.
Cupo virtual gracias."
673943	Ok qued√≥ atento.
673945	CUPOS
673945	Hola
673945	
673945	
673947	CUPOS
673947	Como es
673947	Si
673947	Explicame. El proyecto
673948	CUPOS
673948	"Ay muy buenas noches gracias primero que todo un feliz a√±o el se√±or los bendiga grandemente les d√© todo lo que necesitan para seguir adelante 
Much√≠simas gracias por su su anuncio es muy importante yo no es que trabaj√© con empanadas tengo una amiga que tiene un negocio y ella las hace as√≠ artesanalmente entonces a m√≠ me parece que con esas m√°quinas es muy bueno y r√°pido entonces yo le voy a comentar a ella y le voy a pasar este perfil para que ya se comunique con ustedes much√≠simas gracias ü§ó"
673948	Yo vi ya los videos gracias o sea las tres m√°quinas hacen como la misma funci√≥n cierto yo les quisiera preguntar la primera m√°quina cu√°nto cuesta para yo tener una claridad y poderle comentar a mi amiga as√≠ gracias
673948	Mi amiga vive en Colombia y es de Colombia Gracias la primera m√°quina qu√© precio tiene gracias
673948	Gracias o sea la m√°quina cuesta. $13.026.822
673948	S√≠ much√≠simas gracias yo le voy a comentar le doy el perfil de ustedes y ella est√° interesada y tambi√©n pues a ver si ustedes tienen una forma de pago para irla pagando no yo le voy a comentar y que ya habl√© con ustedes pero muchas gracias ü§ó
673948	Gracias igualmente ü§ó
673948	üëç
673948	Gracias ninguna ya me toca es que mi amiga se comunique con ustedes Gracias ü§ó
673948	üëç
673950	CUPOS
673950	Si
673950	Empanadas de platano
673950	Explorando
673950	Est√° m√°quina solo sirve para masa de maiz ? Para masa de pl√°tano no?
673950	Si
673950	Para aplastar patac√≥n tambi√©n?
673950	Si
673950	La de masa de platano por favor
673950	Que diferencia hay de las dos. Las veo iguales?
673950	Manejan m√°quina para moler la masa?
673950	?
673950	Osea procesadora?
673950	Que costo tienen las dos?
673950	Colombia
673950	Cu√°nto ser√≠a en pesos colombianos?
673950	Y precio de Cmo6b?
673950	Ustedes en d√≥nde se encuentran ubicados?
673950	Aya yo hablo de Santa Marta Colombia
673950	Dan garant√≠a y asesor√≠a como se maneja?
673950	Si es electrica se necesitar√≠a elevador para la luz?
673950	Ok
673950	?
673950	Cupos
673955	CUPOS
673955	Buenas tardes las m√°quinas la vende en Colombia
673955	M√°quina CM05S
673955	Que vale
673955	Para Colombia
673955	Pero la empresa est√° en Colombia y estoy en Barranquilla
673955	En Colombia vale 13
673956	Buenos noches q cuesta la m√°quina para hacer empanadas y como se maneja
673956	CUPOSpues arta cantidad
673956	Si y frito cerdo
673956	A un trabajo con esos productos pero quisiera q una sola m√°quina haga los dos trabajos
673956	Me puede regalar fotos
673956	Si claro
673956	Yo vivo en Yopal casanare
673956	Q costo tiene la m√°quina
673956	Si Colombia
673956	Cuadro cita
673961	CUPOS
673961	Si
673961	As√≠ es
673961	Confirmado
673961	Ya se hacen pero de forma manua
673961	Mi√©rcoles 10am
673961	Cual es el precio
673961	Y video de uso por favor
673961	Vale, gracias!!
673962	CUPOS
673962	Si
673962	No ya lo tengo
673962	Est√° muy encima no tienen m√°s fechas
673962	Ok quisiera saber m√°s de q se trata la feria
673962	Q m√°quinas manejan
673962	En cuanto est√°n valoradas estas maquinas
673962	Colombia
673962	Y cuanto se demorar√≠a en llegar
673962	Listo
673962	üôèüèº
673962	Listo si se√±or
673963	CUPOS
673963	Si
673963	Quiero hacerlo y√° obviamente
673963	Jueves
673963	D√≥nde es ?
673963	11:00 AM
673963	CUPOS
673963	Si
673963	Empanadas en Villavicencio
673963	Y quiero abrir m√°s puntos de venta
673963	Si
673963	Para ya
673963	Tienes una ficha t√©cnica de la m√°quina para hacer empanadas de forma autom√°tica?
673963	Quiero el precio y el valor
673963	Colombia, Bogot√°
673963	Bien, me interesa
673963	Quiero ver la ficha t√©cnica y de ser posible un v√≠deo bien expl√≠cito y claro
673963	Quiero ver la ficha t√©cnica
673963	Por favor
673965	CUPOS
673965	Si
673965	Quiero saber si tienes m√°quina para empanadas de arroz
673965	So
673965	S√≠
673965	Para este a√±o
673965	Buenas noches
673965	Me podr√≠as agendar para el jueves 8
673965	Quedo atenta
673965	Virtual si se pudiera al medio d√≠a
673965	Ok muchas gracias
673965	Quedo atenta
673967	CUPOS
673967	Precio
673967	De la M√°quina
673967	Gracias
673967	Si
673967	Para armar el proyecto
673968	CUPOS
673968	Si
673968	No 2026
673968	Mi√©rcoles
673968	Alas 9
673968	Est√°n en vacaciones
673968	Buenas tardes q precio
673968	Tiene la maquina
673968	En colombia
673968	Me puede llamar
673968	Yo Italia la vi en Manizales
673968	31435532 78
673968	Quiero informaci√≥n
673968	Dale
673968	Camila
673968	En este momento estoy asiendo mil
673968	Muchas
673968	De trigo
673968	Ojaldras
673968	Camila me puede llamar
673968	Llame
673968	Ya
673968	3143553278
673968	Marque ya
673968	X q no puede llamar
673968	O te llamo
673968	
673968	
673968	
673968	CUPOS
673968	Buenas
673968	
673968	
673968	
673968	Sip
673968	
673968	
673968	
673968	
673968	
673970	CUPOS
673970	Si
673970	Estabilizarme m√°s con mi negocio
673970	Okey gracias
673970	
673970	
673970	Colombia
673973	CUPOS
673973	Si
673973	Estoy pensando para 2026
673973	Jueves 8 de enero 12
673978	CUPOS
673978	Precio por favor
673978	Promesa y harina de trigo
673978	Promasa y harina de trigo
673978	Empanadas
673978	Putumayo colombia
673978	Me puede explicar por este medio wasap.
673978	Si se√±or
673984	CUPOS
673984	Si
673984	2026
673984	Gracias
673985	CUPOS
673985	No, m√≠ idea es empezar con est√© tipo de emprendimiento.
673985	Gracias por su valiosa informaci√≥n.
673985	As√≠ ser√°.
673985	Cupos para continuar
673985	No, pero estoy dispuesto a dar el pas√≥ a pas√≥.
673985	Le agradezco su valioso apoyo e informaci√≥n.
673985	Cupos
673987	CUPOS
673987	No
673987	Pero es que usted pregunta si estoy produciendo yo le le contesto que no
673987	Se supone que me estar√° dando m√°s informaci√≥n al respecto
673991	CUPOS
673991	Ya se produece empanadas
673991	Para ya
673991	Virtual
673991	Miercoles
673991	Que horas tiene
673991	4
673991	Gracias
673991	Si pienso que en la cita puedo hacer las preguntas
673996	CUPOS
673996	Si
673996	Si
673996	Explorando para el 2026
673997	CUPOS
673997	CUPOS
673997	Cuuan cuesta
673997	CUPOS
673997	Empanadas y arpas
673997	CUPOS
673997	
673997	
673997	
673997	
673997	
673997	
673997	En colombia
673997	Vi o en tulua valle
673999	CUPOS
673999	Si
673999	2026
673999	Jueves 3am
673999	Jueves 3pm
674004	CUPOS
674004	Hola. Me interesa el valor. A ver si est√° a mi alcance
674004	S√≠
674004	Empanadas y pasteles
674004	Depende del.monto a invertir
674004	Por eso quiero saber el valor de la m√°quina
674004	No entiendo la preguntas
674004	Vengo haciendo empanadas hace varios a√±os
674004	Para hacer una inversi√≥n necesito saber el monto
674004	Puedo conversar con un asesor real?
674004	Con una persona
674004	Explicame entonces el rendimiento por ahora en la producci√≥n de empanadas y el consumo de energ√≠a  por hora
674004	Gracias
674004	Tienes fotos de la m√°quina
674004	Ok
674006	CUPOS
674006	Si
674006	Tambi√©n deditos. Tienes laminadora de masa electrica
674006	Estoy pensando para 2026
674006	Mi√©rcoles  10: 00 am
674006	Ok
674008	CUPOS
674008	Si
674008	Los dos prop√≥sitos en este chat
674008	Soy de Manizales y voy a salir de la cuidad en la semana de ferias. Pero estoy muy interesado en conocer su empresa y en invertir en mi proyecto. Ya tenemos f√≥rmulas, tengo las pruebas y mi negocio vende m√°s de 150 empanadas diarias y no vendo m√°s por qu√© no tenemos producci√≥n
674008	Ficha t√©cnica y si podemos agendar una cita para ma√±ana en la ma√±ana estar√≠a perfecto
674008	Despu√©s de las 9 est√° perfecto
674008	Ya v√≠ sus videos en Instagram y conozco de uds
674008	Estoy muy interesado
674008	Tenemos k a cafeter√≠a y un supermercado
674008	Siii
674008	Fabrican otras m√°quinas (laminadora de hojaldre)?
674008	Hablamos m√°s tarde. Gracias
674010	CUPOS
674010	Si produsco
674010	Hola me gustar√≠a saber el precio para saber si puedo invertir en. Ella
674010	Todo depende del costo si se puedo o no comprar
674010	Colombia
674010	Tulua valle del cauca
674010	Muchas gracias voy a intentar meter un cr√©dito para saber si la puedo comprar
674010	Gracias
674010	Am√©n
674013	CUPOS
674013	Si
674013	Ya  estoy pensando  para  2026
674013	Eso es presencial o virtual
674013	No  lo que  pasa que vivo  lejos
674013	No gracias  yo pens√© que era virtual
674013	Bueno gracias
674015	CUPOS
674015	Hola
674015	Buenos d√≠as
674015	Tardes
674015	Que precio tiene la m√°quina para hacer empanadas
674015	Hola Bucaramanga Colombia
674024	CUPOS
674024	Si
674024	Que precio tinee
674024	Cupos
674024	Hola no me deja ver
674024	Fue por facebook
674024	Gracias por comunicarte con Arepinchos. ¬øC√≥mo podemos ayudarte?üç¢ü´ìüçü
674028	CUPOS
674028	Si
674028	Quiero empezar a trabajar ya
674028	Esta bien
674028	Perd√≥n mi ignorancia pero la verdad muchas pens√© que vend√≠an las m√°quinas
674028	Quiero m√°s informaci√≥n
674033	CUPOS
674033	
674033	
674033	
674033	
674033	Gracia
674034	CUPOS
674034	Hola q precio tiene la maquina
674034	Si
674034	Yebo 20 a√±os
674034	El proyeto es para muchos a√±os
674034	Dond estan uvicados
674034	Dame precio d la maquina sienpre est retirado
674034	Oky gracias
674038	CUPOS
674038	Precio por fabor
674038	CUPOS
674038	Si
674038	Ninguna solo nececito el precio
674038	Zaragoza ant
674038	Si
674038	Si
674040	CUPOS
674040	Buenos d√≠as c√≥mo est√°s estoy interesado el trabajo profesional
674040	Bueno una pregunta es d√≥nde queda aqu√≠ en Barranquilla en otro lado
674040	
674042	CUPOS
674042	Si
674042	Buenas tardes una pregunta en Bogot√° tienes fecha de exhibici√≥n.
674042	Y en Bogot√°
674043	CUPOS
674043	Si
674043	
674043	
674044	CUPOS
674044	Vende  la maquina
674044	Necesito  una maquina de  acer  enpanadas
674044	Cuato  vale  y la dan acredito
674049	CUPOS
674049	üì∏
674049	?
674049	Si
674049	Di
674049	
674049	Si
674049	Si
674053	CUPOS
674053	Si
674053	Cu√°nto cuesta la maquina
674053	Me interesa la maquina
674053	2000 aldia
674053	Travajo con promasa
674055	CUPOS
674055	Buenos d√≠as
674055	Si
674055	2026
674057	CUPOS PRECIO por favor
674057	Si
674057	Necesito el precio  tengo venta de empanadas
674057	Colombia,antioquia
674057	Oriente
674059	CUPOS
674059	Disculpa de d√≥nde es eso
674059	No yo pregunto si es aqu√≠ en Colombia si no g√ºey Gracias
674059	Este yo le dije que muchas gracias que yo estoy buscando empleo gracias
674059	Si
674059	Presencial pero yo estoy ac√° en Santa Marta en qu√© parte es eso
674059	Nena como eso no es aqu√≠ en Santa Marta Yo no puedo y yo estoy buscando empleo no estoy buscando para empanada
674061	CUPOS
674061	No
674061	Quiero iniciar este mes
674061	Perfecto
674061	Quiero conocer de la m√°quina y el respectivo costo
674061	Estoy en colonbia
674061	Sii por favor
674061	Tienes videos de la m√°quina en funcionamiento?
674061	Voy a guardar su contacto y me estar√© comunicando con ustedes
674061	Una √∫ltima cosita por el momento
674061	En qu√© ciudad los puedo visitar?
674061	Voy a socializar con mi esposa y les escribo
674061	Est√° m√°quina trae moldes para cu√°ntos tama√±os de empanadas?
674061	Me suena lo de los moldes personalizados , los moldes para empanadas cocteleras y por supuesto moldes estandar
674061	Siii claro
674061	Perfecto una vez definamos los tama√±os le escribo
674061	Mil gracias
674061	Que costo tiene cm08?
674061	Estoy en colombia
674061	En estas m√°quinas puedo armar pasteles de pollo,arepa de huevo y arepas?
674064	CUPOS
674064	Gracias por tu mensaje. En este momento no podemos responder, pero lo haremos lo antes posible.
674064	Quiero preguntar para arepas que precio tiene una m√°quina
674064	Si
674064	Pensando
674064	Para este a√±o  las  preparo mano pero quiero tecnificarme
674064	Estoy en Medell√≠n
674068	CUPOS
674068	Si
674068	Est√° proyectado
674068	No entiendo que es lo que ofrecen
674068	Estoy en medelin
674068	No
674068	Yo pens√© que bendias la m√°quina para hacer empanadas
674068	S√≠ por fa
674068	Es lo que me interesa
674068	1000 unidades diarias
674068	Masa de maiz
674068	Ambas
674068	Ese es mi negocio
674068	Arepas , empanadas  pastel de pollo
674068	Colombiana
674068	Que precio tiene la ma quina
674071	CUPOS
674071	CUPOS
674071	
674071	Acomo
674071	No
674076	CUPOS
674076	Valor de la maquina qu√© otros productos se pueden elaborar gracias
674076	Si pero a mano sin maquina
674076	Quiero conocer las funciones de la maquina su eficiencia en producci√≥n
674076	Hago empanadas de ma√≠z y de trigo
674076	Buenas tardes ok env√≠eme la ficha t√©cnica del CM08 gracias
674076	Tienen alg√∫n video donde se vea el funcionamiento de la maquina
674076	Que valor tiene la maquina
674076	Se pueden hacer pan de bonos
674076	Barranquilla Colombia
674078	CUPOS
674078	
674078	Si
674078	Tengo  mi propio  negocio
674079	CUPOS
674079	Si
674079	Estoy explorando
674079	No van a hacer el evento presencial?
674079	Tienes un video de la m√°quina funcionando?
674079	Los moldes del tama√±o se pueden ajustar?
674079	Qu√© costo tiene?
674079	Colombia.
674079	Que voltaje maneja?
674079	Junto
674079	Espera no entiendo cu√°l es el pela papa?
674079	Yo veo
674079	Ven pero el evento presencial donde va a ser qu√© d√≠a y a qu√© hora
674079	Quiero verlo
674079	Si
674079	Mi√©rcoles 10:00 am, virtual
674079	7 de enero
674079	Ya est√° confirmado?
674079	√Ångel Hern√°ndez
674079	Hola si!
674084	CUPOS
674084	"Si
Producto en panadas"
674084	Qui siera saber el precio de la maquina
674084	Barranquilla colombia
674084	Por el momento  no
674085	CUPOS
674085	S√≠
674085	Est√° pensando para el 2026
674085	CUPOS
674085	quiero una cita virtual
674085	S√≠
674085	Proyectado para 2026
674085	Mi√©rcoles 12:00 pm virtual
674085	Jueves 12 pm virtual
674085	
674085	Jueves 10:00 am virtual
674085	Atento
674085	Hola üëã cupos
674085	S√≠
674085	Cupos
674085	S√≠
674085	Est√° pensado para el 2026
674085	Jueves 9:00 am
674089	CUPOS
674089	Si
674089	2026
674089	Esplorando
674089	Ok
674091	CUPOS
674091	Si
674091	Para el 2026
674091	Esto es virtual
674093	CUPOS hola me gustar√≠a ver en video ya que no vivo en Manizales
674093	No
674093	Esa es la idea para este a√±o
674093	Estoy interesada en saber de la maquina
674093	Yo quiero vender fritas y  para refrigerar
674093	Reproducir mil empanadas
674093	Con las dos
674093	Un negocio de frito la variedad ayuda mucho  ambas
674093	En la m√°quina se puede hacer para patacones
674093	Excelente. Ac√° mi regi√≥n gusta mucho el patacon en diversas presentaciones
674093	Soy de la regi√≥n de Uraba  municipio carepa
674093	Tt
674093	Tiene alg√∫n v√≠deo que hable de laaqui a y sus beneficios
674095	CUPOS
674095	No
674095	Buenos d√≠as
674095	Quisiera saber del curso
674095	Listo
674095	Si
674096	CUPOS
674096	Precio???
674096	Si...empanadas..
674096	Y algo m√°s
674096	Para 2026
674096	Sol est√°n en Manizales???
674096	Y hay q pagar algo por  el cupo???
674099	CUPOS
674099	Si
674099	Explorando
674099	Cual es el valor de inversi√≥n?
674099	A√±ejo
674099	Empanadas de a√±ejo
674099	Colombia
674099	Env√≠ame la ficha t√©cnica
674101	Buenos d√≠as CUPOS
674101	
674101	Ok
674101	
674101	
674101	
674101	Y el precio de la que funciona de arepas y en panadas
674101	Cuanto bale
674101	Yo puerto Wilches Santander
674101	
674101	Listo
674101	Yes
674103	CUPOS
674103	Buenos d√≠as.. quisiera ver un v√≠deo de la m√°quina gracias
674103	Buenas tardes.. cu√°nto cuesta la de hacer empanadas la m√°s ‚ûï peque√±a
674103	Colombia
674103	Bogot√°
674103	
674103	Bueno sy
674105	CUPOS
674105	
674105	Si
674105	
674105	
674113	CUPOS
674113	Si
674113	Cuanto  cuesta la maquina
674113	De hacer empanadas
674113	Mi√©rcoles
674113	Alas 9
674113	Yo no soy de maizales  soy de un pueblo q se llama socorro santander
674115	CUPOS
674115	Quisiera una maquina de empanadas para mi emprendimiento
674115	Que pais se ubican
674115	A ok Colombia , tendran envio a Nicaragua ?
674115	Nicaragua
674115	Pienso producir unas 200 empanadas pero de varios tama√±os y personalizarlas
674115	La verdad pienso fabricar con las 2 masas
674115	Empenadas
674115	Si mas adelante pienso incluir mas productos
674115	Me la podrias mostar por fa
674118	CUPOS
674118	Proyecto
674118	Hacen maquinas
674118	Los precios?
674118	Colombia
674118	Ficha t√©cnica por favor
674118	Marca de los componentes mec√°nicos y electr√≥nicos?
674118	Maneja alg√∫n motor ...
674118	Q voltaje?
674118	Las medidas de la maquina ?
674118	Pero q marcas manejan
674118	Chinas ..alemanas ...eeuu
674118	Y como se llama la marca
674118	Tienes alg√∫n v√≠deo mostrando los componentes mec√°nicos y electr√≥nicos de la maquina cm06?
674118	El movimiento de giro del disco se hace manual ?
674118	Me interesa la maquina pero necesito un v√≠deo de lo mec√°nico..el√©ctrico y lo del aire para estar seguro
674118	Toca comprar compresor por aparte?
674118	Q referencia tiene el compresor?
674118	Ok
674118	Qued√≥ pendiente del v√≠deo detallado de la maquina para mirar motor ..marcas de componentes electr√≥nicos ..gracias
674118	Ustedes elaboran la maquina?
674118	Y porq no es posible el v√≠deo q quiero mirar?
674118	
674118	Ok
674118	
674118	
674118	Ok
674124	CUPOS
674124	No
674124	Tengo un negocio y me gustar√≠a vender
674124	Vendo pasteles de pollo
674124	Quiero vender empanadas
674124	Me explicas lo de esa maquina
674124	Expl√≠came cuantas produce tengo una idea
674124	Y cual es su precio xfavor
674124	"Y que se necesita 
Y si dan la asesor√≠a"
674124	Por hay 200
674124	Empanadas
674124	Masa de ma√≠z
674124	Empanadas y pasteles
674124	Medellin
674124	Colombia
674124	De donde la mandan
674124	A ok
674124	Tiene alg√∫n video de la maquina y como funciona
674132	CUPOS
674132	Si
674132	Explorando
674132	M√°ndame la fecha t√©cnica o p√°gina de internet
674132	No se encuentra la p√°gina de Internet y no se ve la maquina ni el precio
674132	CUPOS
674132	Si
674132	Si
674132	2026
674133	CUPOS
674133	Hola cuanto vale la maquina de hacer las empanadas
674133	"Si 
Empanadas 
Pasteler√≠a 
Y arepas"
674133	Es mi trabajo mi diario viv√≠
674133	Vivir
674133	Y agenda para que
674133	"Solo me interesaba la maquina pero tanta cosa busco por otra lado 
Gracias por su atenci√≥n feliz tarde"
674134	CUPOS
674134	Quiero m√°s informaci√≥n sobre la m√°quina
674134	Un v√≠deo
674134	No
674134	Me manda la ficha
674134	Necesito un v√≠deo
674134	A ver como funciona
674134	Y esa misma m√°quina muele el ma√≠z
674134	Si muele el ma√≠z
674134	Ok
674134	Que costo tiene
674134	Colombia
674134	La ficha
674136	CUPO Buenos d√≠as porfavor informaci√≥n sobre la m√°quina de empanadas
674136	Si
674136	Precio
674136	Promasa
674136	Ma√≠z
674136	Empanadas
674136	Colombia
674136	Gracias ya mir√© el precio
674141	CUPOS
674141	No
674141	No hay vacantes
674141	Hay vacantes
674141	Cupos para continuar
674144	CUPOS
674144	Si
674144	Estoy pensando
674144	Como puedo yo adkirir la makina
674144	Masa de maiz
674144	Todos
674144	Colombia
674144	No me alcanza el presupuesto por el momento
674144	Grasas a ty kedare atento
674144	Ok
674147	CUPOS
674147	
674147	
674147	
674147	
674147	
674147	
674147	
674147	
674147	
674147	
674147	
674147	
674147	
674147	
674147	
674147	
674147	
674147	
674147	
674154	CUPOS
674154	Buenas. En q. Consiste
674154	Estoy en Barrancabermeja no podr√© asistir
674154	Como se pueden ver sus productos
674154	En general
674154	Busco emprender no tengo algo definido
674154	Si empanadas arepas
674154	Pues no he pensado en una cantidad espec√≠fica
674154	Pues como apenas se va empezar
674154	Y si en el futuro las mayor cantidad posible
674154	Si
674154	Trigo
674154	Solo eso
674154	Fotos precio
674154	Colombia
674154	Si
674155	CUPOS
674155	
674155	Si tengo una venta
674155	Peque√±a
674155	Sii
674155	Solo es un proyecto
674155	Me parece bien
674166	CUPOS
674166	Si
674166	2026
674166	Para esa fecha no me sirve pienso viajar a finales de enero o a principio de febrero yo vivo en Valledupar cesar
674166	Ok de todas formas pienso comprrar un m√°quina y voy aprovechar vacaciones para ir a Manizales
674166	Cupos
674166	Si
674166	2026
674166	Mi√©rcoles 4 pm
674166	11 am
674166	Es virtual no presencial
674166	Si claro necesito cambiarla de presencia a virtual
674166	Gracias
674167	CUPOS
674167	Si
674167	LLA.estoi.trabajando.en.el
674167	Mi√©rcoles.10:00am
674167	
674168	CUPOS
674168	si se√±or
674168	empanadas
674168	no estoy explorando mi negocio
674168	si claro con gusto
674168	precio y como ser√° yo tener mi propia.maquina para.mi.negocio
674168	cupos
674168	si
674168	si yo quiero
674168	pero cuanto vale
674176	CUPOS
674176	Cupos
674176	Si
674176	Ee si quisiera saber cu√°l precio maguina
674176	Q me rsplicara como es la maguina
674176	Colonbia
674176	Bogota
674181	CUPOS
674181	Si
674181	Puedo ver un v√≠deo
674181	Gracias
674181	Aora estoy ocupado asiendo empanadas
674181	Qe r√≠a ver un v√≠deo
674181	Gracias
674183	CUPOS
674183	Si
674183	Est√° pensando
674183	Mi√©rcoles 8 virtual
674183	Oquey
674184	CUPOS
674184	
674184	
674184	
674184	
674185	CUPOS
674185	Buenas noches, en donde se va realizar?
674185	Que d√≠a es y a qu√© hora ?
674185	A√∫n no estamos interesados en iniciar
674188	CUPOS
674188	Si
674188	Que es lo ustedes est√°n promocionando
674188	Yo pens√© que ustedes vend√≠an Las m√°quinas de hacer Las empanadas
674188	H√°game el favor y me da precio de las m√°quinas #6 y 7
674188	Yo vivo ac√° en Colombia
674188	La #6 vale 13 millones?
674188	Y la #7 15400
674188	Despu√©s llamo para que hablemos ahora estoy un poco ocupado
674188	Gracias por la informaci√≥n
674188	Enviame el n√∫mero
674190	CUPOS
674190	Si
674190	Tengo el proyecto lo nesecito
674190	Mi√©rcoles
674190	Virtual.ala 10 am
674190	Gracias
674190	Cuanto dura la capacitaci√≥n
674191	CUPOS
674191	G precio tiene
674191	Si
674191	Tengo una micro empresa
674191	Estoy empezando
674191	Si
674191	Quisiera saber el precio
674191	En Colombia
674191	CUPOS
674191	Bna noches g precio tiene la m√°quina
674191	Si estoy interesado
674191	Si
674191	Y el precio
674191	En Villavicencio meta
674191	CUPOS
674191	Si
674191	Tengo una micro empresa
674191	Guiero saber el precio de la m√°quina
674191	A Villavicencio meta
674194	CUPOS
674194	Hola  buen dia  quiero saber q precio es de la maquina
674194	Yumbo valle
674194	Huy Dios es carita
674194	Donde dstan ubicados
674198	CUPOS
674198	S√≠
674198	Valor y cu√°ntos tama√±os de empanadas trae
674198	Colombia
674198	D√≥nde est√°n ustedes
674198	Si el precio no lo entend√≠ bien 13 millones
674198	Yo estoy ubicada en la ciudad de Bogot√°
674198	Pues me tocar√≠a esperar un poquito por el precio la verdad pues no tengo esa plata todav√≠a empec√© a trabajar hace poco y todav√≠a no tengo esa plata Pero seguir√© guardando su contacto
674198	Gracias
674198	Gracias
674198	Am√©n
674198	Si gracias
674198	Gracias
674199	CUPOS
674199	
674199	
674199	
674199	
674199	
674199	
674199	
674199	
674199	
674199	
674199	
674199	
674199	
674199	
674201	CUPOS
674201	Info sobre la m√°quina de empanadas
674201	De 500 a mil
674201	De maiz
674201	Todo
674201	Colombia
674201	Podr√≠a aver una m√°s econ√≥mica?
674201	Que es la ficha tecnica
674201	Si porfa
674201	Esta bien por el momento
674201	Muchas gracias üôÇ
674201	Una √∫ltima pregunta la m√°quina es muy pesada bn para moverla de un lado a otro todos los d√≠as tiene rodachines o hay que dejarla quieta en un solo sitio?
674201	No much√≠simas gracias
674203	CUPOS
674203	No
674203	Si que tal es la m√°quina como funciona
674203	Si
674203	Trigo
674203	Claro
674203	Colombia
674204	CUPOS
674204	informaci√≥n sobre la maquinaria y precio gracias
674204	si
674204	2026
674204	necesito informaci√≥n m√°s concreta sobre la maquinaria y precio
674204	sea breve y no enrede con preguntas fastidiosas vaya al gr
674204	que cursos ni que nada veo que √©sto es un estafadero
674204	necesito informaci√≥n y no la dan es para vender cursos chimbos
674204	no pues que miedo ü§£ü§£ü§£
674204	m√©tase su m√°quina culo arriba
674207	CUPOSho
674207	Que  precios tiene esta m√°quina porfa
674207	Colombia
674207	Pero que precio tiene
674208	CUPOS
674208	CUPOS
674208	Si
674208	En panadas
674208	Y ago arepas
674212	CUPOS
674212	No
674212	S√≠ me gustar√≠a m√°s informaci√≥n de los equipos q manejan, por q si estoy interesada en iniciar este tipo de negocios pero as√≠ automatizados.
674212	Ustedes est√°n ubicados en manizales? Por si no se  puede en esta Expo despu√©s de pueda ir a conocer los equipos
674212	Aqu√≠ necesito asesor√≠a de parte de ustedes para iniciar.
674212	Me podr√≠as enviar videos de las m√°quinas q manejan por favor con sus caracter√≠sticas y precios.
674212	Voy a mirarlas y te estoy contando cual me gusta
674212	Estoy en el valle del Cauca
674212	Pero tambi√©n hacen env√≠os a otros pa√≠ses?
674212	Disculpa c√≥mo es tu nombre para estarte preguntando.
674212	O tienen una p√°gina web?
674212	Ser√≠a toda la l√≠nea. Osea desde donde se cocina el ma√≠z, molino, la armadora de empanadas, y fre√≠rlas.
674212	Perfecto muchas gracias Camila.
674212	Perfecto, muchas gracias.
674212	Buen d√≠a c√≥mo est√°? S√≠ me dice q tambi√©n se puede virtual?
674212	Cual es el costo?
674212	Pero yo tambi√©n podr√≠a pasar por la fabrica verdad, para conocer las diferentes m√°quinas. Por q ayer estaba mirando en p√°gina q tiene varias
674212	S√≠ yo ayer estuve mirando los videos en Youtube y en la p√°gina, y me gustar√≠a m√°s ir a ver en la f√°brica
674212	Pero dime de q van hablar en la charla por si veo algo q me interese lo tomo virtual.
674212	Y q precio tiene virtual?
674212	Perfecto.
674212	Q fechas tienes pero para asistir virtual?
674212	Por eso pero virtual q horario y q d√≠a para yo participar.
674212	De 9 a derecho o son varias charlas por q yo puedo hoy o ma√±ana tipo 1.30 pm
674212	Yo puedo desde hoy a a la 1.30 pm
674212	En donde la reviso me podr√≠a por favor enviar la agenda para mirar q temas y horarios puedo ver
674212	Ahh c√≥mo as√≠.
674212	Por estos medios van a estar enviando los link para conectarse o q te debo volver a escribir o q hago
674212	Mira q te los sigo en tic tok pero no veo la agenda de las charlas publicadas.
674212	Perfecto. Muchas gracias.
674212	Buen d√≠a, muchas gracias. Me podr√≠as por favor un cupo para verlo de forma virtual.
674212	Para el 8 de enero
674213	CUPOS
674213	
674213	
674213	Ya reprodusco enpanadas deditos pastelitos
674213	Ya ase rato
674213	Apeso d pulso
674213	
674213	
674213	
674213	
674213	
674213	
674213	Enseguida
674213	Para ver la maquina
674214	CUPOS
674214	Si
674214	Solo para hacer empanadas
674214	O hay otras maquinas
674214	De trigo para pan
674224	CUPOS
674224	Hola no s√≥lo quer√≠a saber el precio de esa m√°quina
674224	Ok muchas gracias
674224	Am√©n muchas gracias üôè solo que no cuento con los recursos suficientes
674224	Para conorarla
674224	
674230	CUPOS
674230	Si
674230	Si
674230	Mi√©rcoles 7 enero
674230	Virtual
674230	A las 10 am
674230	Con gusto Camila gracias bendiciones para ti
674230	Gracias
674231	CUPOS
674231	Si ya produzco empanadas
674231	Esta pensado para este 2026
674231	Me gustar√≠a jueves 11 am
674231	Virtual
674231	Porque si jueves 8 de enero 11 am
674231	La precensial solo es en Manizales? Verdad
674231	Tu me env√≠as el link para conectarme el jueves
674231	Bueno Camila muchas gracias qued√≥ atento
674231	Ok gracias
674231	Ok
674231	Muchas gracias Camila buena noche si claro estar√© atento ya con la presentaci√≥n aclare algunas dudas y las otras te las preguntar√© gracias buena noche üëçüèª
674237	CUPOS
674237	Y de que se trata el proyecto
674237	Yla maquina la venden tambien
674237	Esque pens√© que vend√≠an la maguina
674238	CUPOS
674238	No
674238	Necesitamos precios por favor gracias üôè
674238	Colombia
674238	
674244	CUPOS
674244	Chorizos y empanadas pero quiero la maquina cuanto vale?
674244	Maquina para empanadas
674244	Colombia
674244	Bueno muchas gracias por su informaci√≥n
674244	Gracias hasta luego
674246	CUPOS
674246	Necesito una m√°quina
674246	De esi
674246	Si
674246	Ne sesito
674246	Una
674246	M√°quina
674246	De en panada
674246	
674246	Mi√©rcoles al√° 3
674246	Virtual
674246	Listo üëç
674246	Listo üëç
674246	
674246	
674246	
674246	Si
674246	Si
674246	Acomo son la m√°quina
674246	Cu√°nto vale
674246	Colombia
674246	Departamento de Antioquia
674246	Reg√°lame el precio $ en peso
674246	Colombiano
674247	CUPOS
674247	Me gustar√≠a tener m√°s informaci√≥n
674247	Yo puedo hacer la m√°quina a my medida
674247	Q costo puede tener?
674247	Si si claro que s√≠
674247	Es para lo m√°s pronto posible
674247	Ok ya ma√±ana te confirmo si puedo virtual o personal
674247	Me gustar√≠a saber q precio aproximado puede tener
674247	Yo trabajo con masa de ma√≠z ma√≠z
674247	Pues yo manejo fritos varios
674247	Ser√≠a para producir unas 1000 diarias
674247	Si tambi√©n pastel
674247	Estoy en colombia
674247	Y ustedes ?
674247	Yo estoy muy cerca a Medell√≠n
674247	Muy cerca al aeropuerto Jose Maria C√≥rdoba
674247	Ok puede ser ma√±ana la llamada?
674247	Me gustar√≠a ver la ficha t√©cnica
674247	Ma√±ana 8 am
674247	Est√° bien?
674247	Ok
674247	Hasta hay vamos muy BN gracias
674247	Si tienes m√°s fotos le agradezco mucho
674247	Y me puedes dar de nuevo el precio aproximado x favor
674247	Me gustar√≠a ver el precio en letras gracias
674247	Ok gracias
674247	Si si gracias
674247	Ok gracias
674254	CUPOS
674254	Si
674254	De que se trata yo hago empanadas o arepas mantecada
674254	D√≥nde es
674254	Si s√±r
674254	Pero esq vivo en Bogot√° en un municipio
674254	Hay que pagar algo
674256	CUPOS
674256	No he podido empezar con mi negocio de fritos en especial las empanadas,
674256	Y vendo arepas rellenas
674256	Gracias
674256	Si la necesito
674256	
674256	Que m√°quina aparte de empanadas manejan
674256	Si por favor
674256	Puedo ver videos y valores?
674256	Todo excelente ya estamos socializando con mi esposo
674256	Listo gracias
674256	Listo gracias
674256	Si claro muchas gracias
674256	Gracias
674256	Gracias
674257	CUPOS
674257	La m√°quina hace las.empanadas.mande.un video
674257	"Si
Pero necesito rendimiento"
674257	No hay continuidad de 24 a√±os en el negocio
674257	Pensamos hacerlo y√°
674257	Pero necesito que me respondas venden la m√°quina hace empanadas o apenas las cuenta
674257	Claro que si ojal√° tuvieras un v√≠deo yo la aprecio
674258	CUPOS
674258	Acomo las maquinas
674258	No la maquina
674258	Besesito la maquina
674258	No s√±r
674258	Cuato vale
674271	CUPOS
674271	Si
674271	Pensando 2026
674271	Precio
674271	Ubat√© condinamarca
674271	Colombia
674271	No
674272	CUPOS
674272	Si
674272	Si estoy con el proyecto de automatizaci√≥n
674272	Quiero cotizar qu√© precio tiene una maquinaria y la automatizaci√≥n para realizar las empanadas y otros
674272	Ok mi√©rcoles a las 10 am
674272	Manejo 2 maiz y trigo
674272	Camila La idea es virtual porque estoy en Girardot Cundinamarca
674272	"Despu√©s de esto ya podemos organizar el viaje para ir a manizales y conocer las instalaciones y poder organizar ese tema 

La idea es que en el presupuesto que tengo para este a√±o es automatizar el sistema de producci√≥n 

Veo que usted es una gran opci√≥n"
674272	No! se√±orita muchas gracias
674275	CUPOS
674275	Cupos para qu√©
674275	Maquina ho un molde
674275	Qu√© valor tiene cadauno gracias
674275	No me interesa gracias
674281	CUPOS
674281	Informaci√≥n por favor
674281	Su
674281	Si
674281	Necesito una m√°quina de empanadas ya  tengo mi negocio
674281	Mi√©rcoles virtual
674281	Ya no muchas gracias
674283	CUPOS
674283	Hola cu√°nto cuesta una m√°quina de hacer enpa
674283	Colombia
674283	Cartagena
674285	CUPOS
674285	Si
674285	Pensando para el 2026
674285	Si se√±ora
674288	CUPOS
674288	Si
674288	Ya tuve la oportunidad de conocer las m√°quinas ,y la verdad  qued√© encantada
674288	Todav√≠a no cuento con el dinero completo
674288	Ya cuando lo tenga  ,tomar√© la decisi√≥n y llamar√©
674292	CUPOS
674292	En Colombia tienes el producto?
674292	Si
674292	Si
674292	Explorando quiero saber m√°s de la maquina
674292	Ok
674292	Colombia
674296	CUPOSelpresio
674296	Necesito elpresio
674296	Para enpsnadas
674296	Si
674297	CUPOS
674297	Si
674297	Solo estoy explorando
674297	Env√≠eme la ficha
674302	CUPOS
674302	Si
674302	Pues me gustar√≠a conocerlo
674302	Mi√©rcoles a las 2 pm virtual
674302	Listo
674302	Gracias
674302	Listo muchas gracias por su atenci√≥n
674302	Hasta luego üëã
674308	CUPOS
674308	
674308	
674308	
674308	
674308	
674310	CUPOS
674310	No
674310	Gracias por comunicarte con nosotros. Deja tu mensaje y pronto nos pondremos en contacto.
674310	Gracias por comunicarte con nosotros. Deja tu mensaje y pronto nos pondremos en contacto.
674314	CUPOS
674314	Hola quisiera saber si tienen una laminadora peque√±a
674314	Cupos
674314	Si
674314	Pero lo hacemos todo manual por motivo q no contamos con un gran presupuesto
674314	Si quisiera empezar con algo por ejemplo una l√°minadora
674314	La quiero para masa se maiz
674314	Esa q costo tiene
674314	?
674314	Colombia
674314	Tienes fotos??
674318	CUPOS
674318	No
674318	Yo pensaba que era para trabajar
674318	Ok
674318	Yo quer√≠a aprender
674318	Informaci√≥n valiosa
674318	Cuales tienen
674318	M√°s detalles
674318	Exactamente
674321	CUPOS
674321	Que precio real tiene la m√°quina de empanadas?
674321	"Amigo u amiga quien responda. 
Le pregunto desde la ciudad de C√∫cuta."
674321	Veo que no se puede entonces .
674321	Agradezco su atenci√≥n y que tengan un buen d√≠a
674322	CUPOS
674322	Si
674322	Pues quiero saber m√°s de esto, en costos y proceso
674322	Gracias
674330	Cupos
674330	Si
674330	Si para el 2026
674330	Mi√©rcoles 3:00 pm virtual
674330	Si, estoy esperando la confirmaci√≥n
674330	Vale gracias
674332	CUPOS
674332	Precio gracias
674332	Me puedes compartir un v√≠deo
674332	Gracias
674332	Si
674333	Cupos
674333	Si
674333	2026
674333	Cu√°ndo es la feria de manizales
674336	CUPOS
674336	Si
674336	Pensado para el 2026
674336	Jueves 8 de Enero
674336	4:00pm
674336	Virtual
674336	Muchas gracias
674336	Dale gracias
674339	CUPOS
674339	Si
674339	Est√° pensado para 2026
674339	Mi√©rcoles 20 a. Virtual
674339	8 de enero
674339	A que hora?
674339	9am
674339	No
674339	No.
674345	CUPOS
674345	No
674345	Si
674345	Pues yo tengo un peque√±o emprendimiento que hasta ahora est√° iniciando quisiera saber cu√°l es costo y forma de paga de est√°s maquinarias y cu√°les son
674345	Colombia
674347	CUPOS
674347	CUPOS
674347	
674347	
674347	
674347	
674347	
674347	amen
674347	gracias
674350	CUPOS
674350	No
674350	Quiero empezar mi negocio
674350	600
674350	La de trigo
674350	Empanadas
674350	¬°Hola buen d√≠a cevicher√≠a el mar üåä tiene el gusto de atenderle el d√≠a de hoy, ¬øEn qu√© podemos servirle?
674361	CUPOS
674361	Si
674361	Esta pasando
674361	Me gustar√≠a ver la m√°quina
674364	CUPOS
674364	Si
674364	Para el 2026
674364	Mi√©rcoles 9 a.m virtual
674364	Ok
674364	Me puedes mandar videos de c√≥mo es la m√°quina estoy en Barranquilla precio
674364	Colombia exactamente en Barranquilla
674368	CUPOS
674368	Si
674368	2026
674368	Mi√©rcoles 7 de enero
674368	9 am
674373	CUPOS
674373	Buenas noches cu√°ntas empanadas hace la maquina
674373	K vale es en acero
674373	Pero UD la venden
674373	
674373	K kiere confirmar
674375	CUPOS
674375	Hola
674375	CUPOS
674375	Cuanto vale?
674375	Si
674375	2026
674375	Ya
674375	En que ciudad estas?
674375	Estoy en medellin
674375	Yo podria ir
674375	Tienes de hacer arepas de huevo
674375	??
674375	Sarepas de huevo y de empanadas
674375	Si
674375	Pero deme el valor?
674375	Medellin Colombia
674375	Envieme poe favor laficha tecnica y videos funcionando
674378	CUPOS
674378	Si
674378	Hasta mil empanadas
674378	Automatizar
674378	Las empandas
674378	Solo que depende de la m√°quina y el procesos
674378	Mi√©rcoles 11 am d
674378	Virtual
674378	Entonces quedo pendiente para despu√©s de la feria
674378	Para hacer mejor el tramite y ver realmente el trabajo
674378	De la maquina
674378	Gracias
674379	CUPOS
674379	
674379	
674379	
674380	CUPOS
674380	Empanadas
674380	Estoy explorando
674380	Vale
674380	Si por favor la ficha t√©cnica
674380	Precio por favor
674380	Colombia
674380	Muy buen d√≠a reciban un cordial saludo y un abrazo fraterno
674380	"Por ahora estoy muy interesado pero en este momento no cuento con el dinero 
Feliz y bendecido d√≠a"
674380	Igualmente
674383	CUPOS
674383	No vivo en maizales.. muchas gracias  .bendiciones.
674383	Ok
674383	Ok.
674383	Sii
674383	Ok.gracias
674388	CUPOS
674388	El precio
674388	Colombia
674388	Ibagu√©
674388	En qu√© precio est√° la m√°quina
674390	CUPOS
674390	Si
674390	Tengo una peque√±a empresa de empanadas. y me llamo la atenci√≥n este peoyecto
674390	Proyecto
674390	Solo quisiera saber cuanto es el costo de la m√°quina y como puedo adquirirla
674390	Estoy en Colombia
674390	Hablame de precio ..para as√≠ mismo seguir
674394	CUPOS
674394	Si
674394	Automatizacion
674394	Mi√©rcoles 7 10 am
674394	X favor virtual estoy en Bta
674394	
674403	CUPOS
674403	
674403	
674403	
674403	
674411	CUPOS
674411	Hola buena tarde
674411	Me gustaria mas informacion
674411	Si
674411	No
674411	Quiero iniciar emprendimiento
674411	Ok
674411	Mas de mil de ahi las q sean
674411	Mas de mil empanadas
674411	Q me recomendarias tu camila apenas voy a comenzar estoy averiguando bien
674411	?
674411	Si
674411	Si
674411	Colombia
674411	Te pregunto camila esta maquina es para emprendimiento hay otra mas economica
674411	?
674411	Precio???
674411	Correcto bien luego te dare una respuesta camila vale dejame hacer calculo si
674411	Gracias camila
674411	Ok bueno gracias
674411	Mil bendiciomes gracias üôèüôèüôè
674411	Igualmente üôÇ
674411	Ok amen
674411	Ok bueno igualmente cuidate tu tambien üôè
674411	üôè
674413	CUPOS
674413	Si
674413	Para este 2026
674413	Me puedes regalar informaci√≥n gracias
674413	Jueves 8 de enero
674413	4 pm
674413	Yo vivo en cali
674420	CUPOS
674420	Si
674420	Precio
674420	Colombia
674423	CUPOS
674423	No
674423	Quiero empezar con el proyecto de las empanadas
674423	Congeladas para abastecer mis negocios
674423	Estoy explorando pero tambi√©n buscando la forma de automatizar
674423	Que productos o m√°quinas ofreces
674423	Perfecto
674423	Voy a estar revisando
674423	Todas las opciones
674423	Porque adem√°s pues debo empezar  a fabricar las empanadas para poder tener la receta m√°s que todo de la masa
674423	Me gustar√≠a que me istruyas
674423	Porque estoy muy interesado
674423	Listo
674423	
674423	Cu√°l me recomiendas
674423	Y me dices costo
674423	Porfavir
674423	Colombia
674423	Antioqua
674423	Gracias
674423	Si
674423	D√≥nde est√°n ybicados
674423	Ubicados
674423	
674425	CUPOS
674425	Que precio tiene
674425	Si
674425	Produzco empanadas
674425	Que precio tiene la maquina
674425	Es toy en colombia
674427	CUPOS
674427	No
674427	sI
674427	Solo manejan eso producto
674427	Si
674428	CUPOS
674428	Si
674428	Que precio tiene
674428	Quiero comprar la m√°quina
674428	Unas 1000 mil empanadas
674428	Ma√≠z
674428	Maiz
674428	Que precio tiene la m√°quina
674428	Colombia
674437	CUPOS
674437	No
674437	Cu√°nto vale una m√°quina para empanadas
674437	Masa de ma√≠z
674437	Todo
674437	
674438	CUPOS
674438	Ninguna est√° bien es c√≥moda
674438	Ok muchas gracias
674438	Ok
674442	CUPOS
674442	No pero quisiera empezar a producir
674442	Claro que si
674442	Si claro que si
674442	En la ma√±ana te escribo para poder agendar la videollamada
674452	CUPOS
674452	Si
674452	Pensando en un buen proyecto
674452	Vivo en pto boyaca me interesa la maquina
674452	Si solo que vivo en pto boyaca
674452	Virtual
674453	CUPOS
674453	Buenas
674453	Que precio
674453	Si
674460	CUPOS
674460	Si
674460	Pensado en 2026
674460	Jueves 8 de enero virtual
674460	10 am
674460	Dejemos el mismo d√≠a 3 PM
674460	Si est√° bien
674460	Ah√≠ estare
674460	Forma virtual
674460	Confirmo si
674460	Gracias
674465	CUPOS
674465	CUPOS
674465	
674465	
674465	
674465	
674465	
674465	San Jos√© del fragua
674465	Caquet√°
674465	Me env√≠as videos de la m√°quina
674465	Cuanto cuesta esta
674465	M√°quina CM05S
674465	Sam Jos√© del fragua Caquet√°
674465	
674467	CUPOS
674467	Si
674467	Si estoy pensando para 2026
674467	Que precio est√° la m√°quina
674467	En Colombia
674467	Enviame la ficha t√©cnica
674469	CUPOS
674469	Como es
674469	Si
674469	Empanada. Hago
674469	Quiero maquina panadas
674469	Tengo uno. Produzco 2000
674469	Maiz
674469	Tambi√©n. Paste hago harina trigo
674469	Cuando. Vale
674476	CUPOS
674476	Si
674476	Pensando para sequir creciendo
674476	Virtual
674476	4.00.pm
674476	
674477	CUPOS
674477	Cu√°nto vale una m√°quina de esas por favor gracias
674477	Si claro
674477	No te entiendo vale un mill√≥n la m√°quina o que
674477	A ya
674477	No gracias
674477	No entiendo ni piooooo gracias üëçüëç
674479	CUPOS
674479	Cuanto cuestta
674479	Si yo produzco empanadas me interesa esa m√°quina cuanto cuesta
674479	Colombia
674479	Pasto Nari√±o
674480	CUPOS
674480	Si
674480	Esta pensado
674480	Las hacemos en casa
674480	Jueves o de enero 10 am virtual
674480	
674480	Muchas gracias por su amable atenci√≥n
674480	üôèüèª
674480	Hola, esto fuw lo ultimo
674480	Vi el  anuncio y me y  Gustar√≠a conocer el sistema... Me llamo la atencio
674480	Si claro
674480	Mil en promedio me
674480	Me gusta la masa dd maiz
674481	CUPOS
674481	Precios de maquina para hacer empanadas
674481	Cat√°logos
674481	Si
674481	2026
674483	CUPOS
674483	Si
674483	Estoy pensando
674483	Ok
674486	CUPOS
674486	No
674486	Voy a empezar
674486	Tengo una pizzer√≠a
674486	Pero voy a emprender otro con frito
674486	Y me interes√≥ la m√°quina
674486	Para hacer las empanadas
674486	Disculpe con con tengo el gusto
674486	200 o m√°s al d√≠a
674486	Ok gracias
674486	Si sobre las m√°quinas y el proceso de producci√≥n
674486	C√≥mo hacer la masa
674494	CUPOS
674494	Precio de las empanadas y pasteles de pollo
674494	Al por mayor
674494	Si
674497	CUPOS
674497	Si
674497	Q precio tiene m√°quina
674497	Colombia Bogot√°
674503	CUPOS
674503	Si
674503	CUPOS
674503	
674504	CUPOS
674504	Si
674504	Explorando
674504	No yo quer√≠a SA Ber si usted est√°n vendiendo  la m√°quina para las en panadas
674504	No porai 50 aldia
674504	Masa de ma√≠z
674505	Cupos cuanto vale
674505	Si
674505	Estoy comenzando
674505	No estoy comenzanfo
674505	Voy a seguir
674505	Pero seg√∫n lo que cueste
674505	O si no sigo como voy
674505	Quiero saber cuanto vale la maquina gracias
674505	Puerto salgar Cundinamarca
674515	CUPOS
674515	Hola buenos dias, me interesa la maquina pero me encuentro en bogota. Hay manera de ver por un video su funcionamiento y la ficha t√©cnica?
674515	Si
674515	Hola camila, estoy mirando opciones de automatizaci√≥n de procesos
674515	Para las pr√≥ximas semanas
674515	Jueves 11 am
674515	Jueves 10 am?
674515	Camila no, la m√≠a debe ser virtual excusame
674515	Me encuentro en bogota
674515	Asi esta bien. Por el momenyo
674515	Momento*
674515	Mil gracias.
674515	Me gustar√≠a ver un video donde pueda ver como funciona
674515	Y las caracter√≠sticas  de ser posible
674515	Mil gracias
674519	CUPOS
674519	Que vale
674519	La maquina
674519	Si
674519	Si
674519	Automatizar
674519	Virtual
674519	Mi√©rcoles a las 9
674521	CUPOS
674521	Empanadas
674521	Est√° empezando
674521	Si
674524	CUPOS
674524	
674524	Cu√°ntas empanadas hace diarias y Qu√© precio tiene
674524	Es que quiero saber Cu√°nta empanadas hace y Qu√© precio tiene la m√°quina
674524	
674524	No se hacen alt√≠simas empanadas y pasteles entonces a mano ya muy duro entonces Quiero saber qu√© precio tiene
674524	Entonces a mano ya muy duro entonces Quiero saber qu√© precio tiene la m√°quina
674524	
674524	S√≠ buenos d√≠as Estoy en la ciudad de ibagu√©
674524	S√≠ buenos d√≠as Estoy en la ciudad de ibagu√© tolima
674525	CUPOS
674525	Precio para Bogot√° gracias
674525	Arepas
674525	
674529	CUPOS
674529	Si
674529	Ya estado asiendo ase varios meses
674529	Jueves 8 ala 3 de la tarde
674529	Una pregunta salen muy caras
674529	Virtual por favor
674533	CUPOS
674533	Si
674533	mi proyecto sigue
674533	me queda bien mi√©rcoles a las 4
674533	virtual ya que estoy en vereda
674533	Ok
674534	CUPOS
674534	Cu√°nto cuesta esa maquinita
674534	Si
674534	Es un proyecto del 2026 qu√© facilidad hay Y c√≥mo va y qu√© precio tiene esa m√°quina
674542	CUPOS
674542	Buenos dias
674542	Quiero saber el precio de la maguina gracias
674542	Si claro otro
674542	Que pena no me puedes decir el prdcio
674542	Precio
674542	Pensando 2026
674542	Gracias
674545	CUPOS
674545	No
674545	Ustedes venden la maquina
674545	Si
674545	Si
674545	100
674545	1000
674545	Masa de maiz
674545	Todos
674545	Colombia
674545	Ok
674545	Me interesa
674545	Me gustaria ver ficha tecnica
674545	Y si tiene videos como funciona
674545	De esas maquinas cual es la mas economica
674545	Bueno muchas grasias lo mas estudiar
674547	CUPOS
674547	Si empanadas de ma√≠z üåΩ
674547	Ese cupo es para?
674547	S√≠
674547	Y es en manizales?
674547	No vienen a la feria de Bogota?
674547	Estoy en bogota
674547	Cuanto vale la maquina  hay formas de pago?
674547	Cuanto cuesta la entrada a la feria y la inscripci√≥n?
674547	No hay forma de que me pueda conectar el d√≠a del evento?
674558	CUPOS
674558	Si se√±or
674558	"Que Presio tiene la
Maquina"
674558	
674558	"Yo tengo un tengo 
Un negocio de empanadas"
674558	Quisiera intentar con la m√°quina
674558	Yo vivo en Barbosa Santander
674558	El 8 por la tarde
674558	A las 4 el 8 de enero